station_id,00:00,01:00,02:00,03:00,04:00,05:00,06:00,07:00,08:00,09:00,10:00,11:00,12:00,13:00,14:00,15:00,16:00,17:00,18:00,19:00,20:00,21:00,22:00,23:00,capacity,lat,long,DisttoCentre,labels
1,23.45,23.83,23.71,23.85,23.66,20.89,11.78,4.01,5.03,6.0,7.94,8.35,10.26,10.42,11.09,10.88,9.35,11.2,11.9,12.7,15.79,17.61,20.16,21.96,30,41.39795199999957,2.180041999999974,1.47,1
2,13.52,14.1,13.8,13.48,13.4,11.88,7.34,3.51,3.19,4.34,3.77,5.23,6.62,8.94,10.34,11.47,10.91,8.33,6.91,7.28,8.78,10.33,12.42,12.66,27,41.39553000000053,2.177059999999987,1.11,4
3,16.59,16.69,16.76,16.66,16.36,16.76,14.39,7.89,4.04,3.5,4.99,6.29,10.99,13.81,14.48,15.55,17.8,18.65,19.57,18.42,16.54,16.12,16.38,17.25,27,41.39405500000044,2.1812990000000156,1.22,1
4,9.78,9.74,9.94,10.39,11.53,14.07,10.06,4.9,2.04,2.82,4.83,6.69,9.6,11.42,13.19,13.15,13.42,15.02,15.48,13.53,11.53,9.66,9.61,10.53,21,41.393479999999684,2.1815549999999697,1.2,4
5,24.42,24.39,24.24,23.87,24.26,23.06,18.66,9.33,8.24,10.15,11.39,10.93,11.34,12.52,14.24,15.59,19.28,26.19,30.29,27.05,27.04,27.42,26.78,24.82,39,41.39107499999962,2.1802230000000073,0.96,1
6,16.96,16.51,16.62,16.99,18.37,19.56,14.61,7.14,6.29,6.56,6.31,6.12,5.98,9.0,13.04,18.54,26.35,30.39,30.46,26.59,23.11,21.24,18.99,18.79,39,41.39134900000047,2.180609999999968,1.01,1
7,15.84,14.06,11.96,8.47,7.93,6.75,8.03,8.59,11.09,15.29,16.85,16.44,16.61,19.18,20.84,20.69,19.61,20.69,20.93,20.5,20.28,20.57,19.71,18.21,27,41.388856000000374,2.183250999999992,1.12,3
8,15.58,13.71,12.75,10.65,10.1,10.97,8.65,5.71,10.44,15.01,17.3,16.97,16.57,18.18,20.69,20.87,19.73,21.44,20.17,18.89,19.73,21.24,20.64,18.57,27,41.38908799999991,2.1835679999999873,1.15,3
9,16.41,14.35,13.26,13.54,14.64,15.41,9.14,7.56,9.45,12.87,15.86,18.89,16.08,16.47,18.84,19.05,21.73,23.48,23.47,22.57,21.99,21.53,21.25,19.13,27,41.38453200000003,2.184921000000016,1.27,3
11,10.16,9.15,6.18,5.08,4.63,8.23,15.57,16.57,18.63,19.21,18.47,17.56,16.79,16.58,16.65,15.95,16.98,17.87,15.77,12.32,11.31,11.99,11.15,10.77,21,41.38168900000057,2.1939139999999697,2.08,3
12,2.23,2.13,1.79,1.99,2.36,11.89,22.44,24.21,24.82,23.56,21.92,21.55,21.71,18.2,14.93,10.56,8.73,11.19,7.48,4.08,2.89,2.07,1.42,0.83,26,41.38453799999946,2.1956789999999913,2.16,2
13,3.67,3.05,2.0,1.92,3.28,7.9,27.96,47.52,51.05,49.35,47.98,45.65,45.33,43.97,41.92,35.68,17.08,6.05,3.97,4.61,4.62,4.17,3.53,2.43,54,41.38798500000034,2.195780000000012,2.16,2
14,16.58,15.76,15.12,14.92,15.24,16.83,17.59,14.73,14.61,15.15,16.69,18.36,17.37,15.88,16.12,17.9,20.17,22.09,23.56,23.38,21.68,21.62,20.72,19.19,27,41.384675000000286,2.185038999999977,1.28,3
15,1.96,1.99,1.99,2.12,2.51,3.68,7.82,8.39,9.58,9.77,10.82,11.19,7.06,4.16,3.26,2.59,2.07,2.5,2.81,2.94,3.81,2.69,1.51,0.82,21,41.39481199999965,2.171188999999989,0.87,0
17,14.26,14.3,14.69,13.73,12.13,12.48,21.5,33.59,32.87,31.59,29.13,23.76,20.16,20.71,19.48,15.66,8.73,7.79,9.41,11.56,12.4,12.73,14.15,15.18,42,41.39823700000038,2.186710999999999,1.87,3
18,16.72,17.35,17.91,17.64,17.1,9.86,2.39,0.84,1.91,3.08,4.14,5.66,7.01,7.47,4.76,3.7,4.25,5.79,8.08,10.96,13.68,13.6,14.07,14.87,27,41.40608599999987,2.174166999999977,2.15,4
19,11.51,11.69,13.09,13.26,13.4,7.67,3.28,1.86,1.68,3.42,5.59,5.75,5.25,3.71,2.36,3.78,3.57,4.2,6.62,8.31,9.62,9.55,9.1,10.11,28,41.403281999999564,2.170725999999998,1.81,4
20,12.08,12.86,13.41,13.5,12.7,8.93,3.42,1.98,1.38,2.23,2.61,1.7,2.59,2.07,1.54,2.11,3.15,3.99,3.58,5.94,7.77,7.87,9.06,10.39,18,41.41016600000045,2.1757589999999865,2.62,4
21,10.47,11.04,12.6,12.39,11.76,7.64,3.02,2.07,1.56,2.09,2.27,2.28,2.77,2.29,2.42,4.12,6.24,5.66,5.96,7.12,6.73,7.41,7.64,8.58,21,41.41089700000054,2.174019999999992,2.67,4
22,12.37,12.56,12.72,11.99,10.16,6.08,1.15,0.43,0.4,1.03,1.91,2.35,3.01,3.0,2.99,3.18,3.44,4.67,5.75,7.02,7.73,8.36,9.72,11.03,19,41.40168400000032,2.1756800000000363,1.7,4
23,1.2,1.53,1.55,1.86,2.78,4.91,12.0,19.75,21.91,21.75,19.31,15.23,14.03,12.67,9.21,7.71,5.15,4.29,1.95,2.1,3.23,2.99,1.79,0.47,27,41.3925259999997,2.1718120000000263,0.63,2
24,20.0,20.69,21.01,21.11,20.12,15.99,6.36,2.45,5.05,6.59,6.28,7.97,11.51,11.16,11.39,9.88,10.05,9.63,9.7,10.78,12.32,14.74,15.8,17.37,30,41.40065899999981,2.179110999999986,1.69,4
25,1.45,1.3,1.28,2.27,3.09,3.65,6.28,3.94,4.91,6.08,6.41,5.43,3.32,1.98,2.0,2.2,3.21,2.05,2.54,2.26,3.89,3.98,2.31,1.39,21,41.39517899999946,2.168293999999999,0.92,0
26,16.93,17.02,16.84,16.7,15.72,8.86,2.16,1.28,1.13,1.95,3.65,6.95,8.32,10.13,10.69,10.42,10.68,12.19,12.04,13.55,13.48,14.03,15.66,16.28,18,41.407035000000164,2.1819809999999698,2.44,4
27,0.41,0.43,1.26,3.42,4.57,4.96,3.89,2.31,2.81,2.65,2.95,2.47,1.34,1.64,1.09,1.76,1.36,1.54,1.83,1.3,1.18,0.74,0.59,0.45,21,41.3968969999996,2.1643730000000065,1.2,0
28,7.6,7.8,8.58,9.2,9.23,4.94,1.51,1.0,0.85,1.14,1.62,2.4,2.47,2.0,1.62,1.85,2.3,2.56,4.34,7.1,7.59,6.8,6.33,7.03,23,41.40542199999983,2.1706400000000294,2.04,0
29,7.02,7.5,7.99,7.45,6.19,4.26,2.08,1.83,2.23,2.7,2.59,3.29,3.92,3.39,3.0,3.43,3.43,4.1,5.72,6.13,6.37,7.77,6.13,5.46,23,41.40113199999987,2.1700280000000016,1.57,0
30,18.79,18.79,18.65,17.93,15.64,10.0,3.85,2.01,1.98,3.1,4.59,6.97,10.86,13.44,13.03,11.11,10.15,10.62,10.8,14.18,16.0,15.65,16.18,17.39,21,41.4020459999995,2.1822859999999813,1.96,4
31,7.41,5.83,3.7,3.1,2.18,5.24,12.04,15.75,16.03,15.76,15.8,15.82,15.33,14.49,13.74,13.38,13.68,13.41,13.62,12.89,11.03,8.2,6.75,7.36,18,41.374810000000295,2.188949999999982,2.08,2
32,4.71,3.75,3.17,3.05,4.82,13.33,21.88,24.74,25.21,24.75,23.12,22.34,22.55,19.99,20.42,19.87,19.14,18.86,14.06,7.37,3.97,2.15,2.34,1.79,27,41.37369799999964,2.1889269999999863,2.16,2
33,14.95,11.14,8.23,6.63,5.65,4.31,4.29,10.09,14.16,16.12,16.12,16.6,16.63,15.39,14.26,14.16,15.66,16.48,17.01,17.23,17.11,17.33,18.5,17.82,21,41.376862000000166,2.19077300000002,2.07,3
34,8.9,9.15,8.38,7.71,7.54,7.28,5.29,8.11,10.73,12.27,13.12,11.75,12.16,12.24,12.47,14.06,14.55,12.67,13.35,13.41,12.59,10.69,9.59,9.27,21,41.387073999999465,2.175246999999979,0.43,3
35,10.41,9.65,9.47,8.73,6.31,8.01,18.63,20.84,22.97,22.03,16.76,12.77,10.12,13.44,13.69,10.17,6.6,4.01,3.12,3.19,4.68,8.39,9.72,10.94,27,41.413592000000534,2.2211529999999744,5.19,2
36,7.8,7.61,7.78,7.38,8.56,12.51,16.34,17.34,16.91,17.06,16.53,14.44,11.49,11.71,11.43,9.71,12.21,13.49,12.64,10.33,10.22,9.99,8.43,7.58,21,41.38515099999961,2.1768039999999673,0.6,2
37,15.94,14.57,11.1,7.2,5.81,5.49,5.38,6.35,9.86,13.13,16.08,18.11,18.41,17.78,16.77,16.12,17.77,19.05,19.8,20.37,21.43,21.06,20.67,18.56,24,41.381226000000446,2.1818880000000074,1.18,3
39,28.5,23.33,20.45,16.79,14.32,11.7,13.27,28.08,37.35,37.8,36.03,34.71,33.29,33.08,33.38,30.8,28.14,26.78,30.55,35.16,38.14,39.33,38.11,36.71,44,41.38104599999963,2.1865759999999987,1.53,3
40,14.71,13.01,10.3,7.45,6.49,6.14,11.83,13.13,14.66,14.41,13.98,13.35,10.89,12.43,12.8,13.66,13.61,13.49,14.51,15.18,15.57,15.7,15.23,15.09,18,41.38233499999945,2.187093000000004,1.52,3
41,18.25,17.1,15.64,14.49,12.22,5.45,1.19,1.55,5.78,6.81,7.86,10.14,11.51,13.42,15.61,16.87,18.02,17.3,16.56,17.91,18.51,18.08,18.58,18.98,21,41.37932599999947,2.1899060000000032,1.87,1
42,4.5,5.09,3.48,3.14,4.49,12.6,19.33,20.65,21.93,19.22,19.19,16.45,15.59,14.46,12.22,8.41,4.24,5.19,3.83,3.38,5.1,6.73,3.01,2.53,24,41.40451100000042,2.1898810000000126,2.55,2
44,5.62,6.41,6.92,7.2,7.27,9.93,13.86,15.53,15.58,14.53,12.86,10.96,8.8,8.18,6.53,3.16,1.73,1.27,1.15,1.3,2.86,3.8,2.84,2.93,21,41.402285000000106,2.1871109999999754,2.22,2
45,10.82,8.95,6.76,6.82,6.14,3.57,1.89,10.77,18.69,21.62,21.6,22.07,23.71,23.81,22.56,21.36,18.52,15.96,14.15,16.26,17.98,19.78,19.27,14.49,27,41.391428999999555,2.189311999999978,1.68,3
46,3.36,2.95,2.44,3.01,4.52,8.29,31.0,43.91,46.93,46.41,45.24,42.06,40.55,39.55,38.17,32.98,21.39,12.21,8.33,8.92,9.4,7.53,6.62,6.04,54,41.388359000000285,2.193003999999979,1.93,2
47,3.72,2.91,2.57,2.58,2.62,2.9,15.78,35.07,40.6,39.46,37.18,32.57,33.18,33.99,33.38,29.78,17.54,8.07,4.2,3.52,5.6,6.36,6.71,7.03,47,41.38983100000035,2.1911470000000004,1.79,2
48,12.34,11.88,10.61,10.4,10.39,11.94,13.81,15.43,15.65,15.59,14.71,11.69,10.89,9.97,10.27,8.87,5.31,4.09,5.25,6.8,8.97,10.59,11.47,11.92,21,41.396085000000255,2.1870730000000345,1.74,2
49,7.71,7.26,5.74,4.71,3.99,2.54,2.23,6.93,12.81,15.26,16.32,17.24,17.26,16.3,16.77,16.37,15.38,15.68,16.11,15.84,14.02,13.07,12.05,10.72,21,41.391060000000664,2.1964570000000085,2.25,3
50,12.09,11.76,10.75,9.3,8.53,11.11,13.28,7.44,5.95,4.43,4.68,5.2,5.51,5.77,7.38,9.8,11.78,13.24,14.53,14.39,15.14,14.39,14.49,14.18,18,41.375,2.1703500000000213,1.33,4
51,7.41,6.2,5.47,5.4,6.43,6.89,7.52,8.73,11.93,15.15,15.08,13.91,11.02,11.87,11.85,12.5,12.93,12.56,11.1,8.14,8.12,8.35,7.99,7.22,20,41.38405399999937,2.1690189999999965,0.34,2
53,6.17,5.44,4.94,4.86,6.32,7.83,10.27,14.57,17.27,17.53,17.06,16.66,14.62,14.51,14.4,13.88,14.15,13.37,13.11,9.21,8.02,8.49,8.18,6.88,21,41.385226999999716,2.173877999999998,0.38,2
54,17.37,17.46,16.99,16.55,14.91,14.37,13.62,11.73,11.0,10.49,8.2,8.6,9.35,8.58,11.08,14.69,15.92,15.84,16.68,14.63,14.96,16.56,17.37,17.52,19,41.37763500000048,2.1705859999999766,1.04,1
55,8.23,7.92,7.24,6.11,5.36,7.22,7.53,7.11,10.57,13.04,13.81,13.44,12.59,11.3,9.72,11.22,12.28,12.44,11.72,9.82,10.43,9.94,9.25,8.43,19,41.381153999999654,2.173496999999998,0.71,4
56,9.75,7.62,5.92,3.83,3.6,5.79,15.04,22.44,24.34,23.07,18.4,18.8,16.64,15.52,19.57,22.13,21.8,23.37,21.95,15.0,13.71,15.02,15.91,13.39,27,41.37701100000029,2.1758339999999747,1.21,3
57,11.6,10.68,9.41,7.59,7.29,8.15,13.14,19.02,20.78,20.99,20.82,20.31,18.21,15.36,18.08,19.55,18.51,19.22,18.4,15.8,14.89,14.68,13.98,12.07,25,41.37675799999955,2.177093000000012,1.28,3
58,13.4,12.99,10.88,7.37,6.9,6.96,8.25,7.4,9.04,10.37,10.66,11.03,10.27,11.13,13.35,13.93,14.03,14.03,12.61,11.07,10.57,11.8,12.95,13.25,21,41.38282199999964,2.1671539999999863,0.52,4
59,9.21,8.31,7.58,6.69,6.5,5.9,5.94,4.91,5.55,6.37,6.91,7.38,7.64,8.01,9.55,11.11,12.58,13.66,13.01,11.95,11.67,11.53,11.97,11.19,21,41.38278100000019,2.1672029999999776,0.53,4
60,0.05,0.03,0.0,0.0,0.25,1.87,7.74,17.03,21.29,21.6,21.89,19.56,13.54,6.82,2.81,1.43,0.85,0.99,0.82,0.47,0.67,0.41,0.67,0.18,27,41.390349000000285,2.164240000000002,0.61,2
61,0.09,0.1,0.02,0.25,1.01,3.83,12.24,20.63,23.09,23.12,22.63,20.44,14.31,10.07,6.74,4.61,2.97,2.72,2.45,0.65,0.6,0.31,0.28,0.07,27,41.39014300000033,2.1649460000000205,0.55,2
62,0.1,0.07,0.06,0.33,2.08,5.75,12.35,19.77,20.95,20.88,20.24,19.74,19.11,16.68,16.02,15.54,12.79,8.5,5.43,3.1,2.41,1.93,1.15,0.83,25,41.38714199999965,2.168858,0.1,2
63,0.29,0.13,0.11,0.32,0.65,4.65,17.76,22.37,21.94,20.21,19.1,18.53,17.69,17.46,16.65,15.9,10.21,6.54,4.27,2.18,2.25,1.7,1.46,1.48,27,41.38645000000071,2.1694629999999697,0.08,2
64,0.01,0.07,0.51,0.58,0.84,1.67,7.03,15.28,17.37,17.56,17.44,16.88,15.62,14.48,13.64,12.3,10.48,7.31,5.42,3.58,1.87,1.24,0.77,0.72,21,41.38746900000028,2.1690479999999805,0.1,2
65,0.32,0.24,0.35,1.08,1.89,5.41,12.53,16.76,16.92,17.7,16.96,14.54,12.94,11.49,10.56,11.63,9.46,6.37,4.56,2.78,2.08,1.68,0.92,0.7,21,41.38767799999941,2.169587000000016,0.08,2
66,0.06,0.06,0.02,0.1,0.99,5.93,10.29,11.32,12.78,12.41,11.83,10.55,6.73,3.95,3.73,2.91,2.33,2.54,1.94,1.04,0.69,0.34,0.4,0.16,15,41.389096999999566,2.1679329999999686,0.29,0
67,7.44,7.73,7.78,7.28,5.29,2.7,0.54,0.64,0.5,0.52,1.04,1.57,1.56,0.94,1.56,1.4,1.06,2.68,2.81,3.5,4.04,4.3,4.25,4.93,24,41.38501199999969,2.145843000000012,2.04,0
68,0.36,0.39,0.21,0.35,0.59,2.07,2.52,6.74,7.74,4.48,3.78,2.94,1.41,0.82,0.89,0.96,1.17,1.01,0.92,0.72,0.7,0.68,0.37,0.22,27,41.39536399999998,2.1573559999999974,1.41,0
69,2.39,1.65,1.72,1.7,1.85,2.85,7.64,16.66,18.5,19.07,18.01,17.59,16.39,16.02,15.62,15.07,11.66,7.11,5.05,4.59,4.34,3.47,3.1,2.47,20,41.387969999999825,2.19580100000001,2.16,2
70,22.28,22.76,22.67,22.58,22.51,18.56,9.41,2.53,2.4,1.51,1.66,2.55,6.0,10.33,12.34,14.6,17.68,19.46,21.57,22.38,22.29,23.1,23.09,22.93,27,41.38034699999947,2.160695000000017,1.08,1
71,13.34,12.95,13.12,12.66,11.62,7.98,4.43,2.51,2.93,3.12,3.39,2.99,4.47,6.78,8.63,9.0,10.2,14.83,17.05,16.13,15.06,15.78,17.42,16.12,21,41.3819309999999,2.1629689999999804,0.82,4
72,0.28,0.23,0.26,0.28,0.69,2.4,8.75,11.85,11.77,10.72,9.54,7.43,3.21,1.55,2.14,3.03,1.37,1.24,1.32,2.67,2.21,0.52,0.54,0.93,27,41.3927159999995,2.158811000000013,1.13,0
73,0.57,0.54,0.58,0.55,0.45,0.88,3.98,5.67,6.1,6.75,6.14,3.54,2.03,1.32,2.23,2.1,1.58,1.73,3.71,3.58,3.52,1.88,0.93,1.0,27,41.39227799999957,2.156183000000035,1.3,0
74,1.18,1.2,1.21,1.08,2.38,2.22,1.25,0.96,1.21,1.25,1.81,2.08,1.14,1.1,1.15,1.24,0.99,1.12,1.53,1.06,0.81,0.84,0.72,0.56,15,41.3900619999996,2.143272000000019,2.26,0
75,4.24,4.65,4.74,4.55,3.7,2.49,0.91,0.49,0.76,0.92,1.16,1.0,1.45,1.51,1.73,1.93,1.64,1.8,3.03,4.08,4.33,4.08,3.56,3.43,20,41.38508100000029,2.142867999999985,2.28,0
76,2.05,1.92,1.55,1.77,1.35,1.4,3.13,1.79,1.47,2.38,2.51,1.79,0.95,0.89,3.02,3.12,2.22,2.11,3.09,4.28,6.14,4.35,2.36,1.67,28,41.39175099999947,2.15312300000003,1.51,0
78,0.47,1.03,1.12,1.03,1.22,2.04,7.34,14.43,19.56,18.49,17.69,12.83,8.11,7.62,9.24,8.28,8.63,8.07,5.77,3.96,2.98,2.43,1.65,0.86,27,41.38566910000008,2.1634139000000183,0.57,2
79,0.6,0.87,1.19,1.32,1.62,3.78,5.88,7.97,14.03,15.17,14.23,10.17,7.57,8.16,8.37,8.87,10.49,9.97,7.96,5.57,4.44,3.59,2.92,1.11,24,41.3854434999996,2.1634297000000315,0.58,2
80,0.35,0.59,0.8,0.7,0.46,2.23,3.02,5.6,7.29,8.37,10.21,10.96,4.61,1.25,1.17,1.45,1.82,1.81,2.65,4.09,4.11,2.56,0.69,0.41,21,41.39000799999952,2.159955099999996,0.91,0
81,4.95,5.07,5.39,5.23,4.63,2.87,2.12,2.3,1.24,1.63,1.87,1.81,2.22,2.97,6.76,8.03,5.82,6.02,6.27,5.13,3.99,3.78,4.65,5.52,20,41.37900580000044,2.149085600000019,1.97,0
82,18.23,18.1,18.48,18.83,18.78,16.04,7.32,2.27,1.57,1.5,2.01,4.04,4.0,4.5,5.56,6.9,9.42,12.16,16.86,21.1,22.39,22.16,21.25,20.76,33,41.37879719999937,2.1533895000000025,1.67,1
83,8.19,8.0,8.17,8.02,6.56,3.3,1.01,0.31,0.77,0.51,0.65,2.46,4.7,4.55,3.43,3.13,3.79,3.12,4.03,5.84,7.1,7.25,7.44,8.09,23,41.38408849999987,2.1537733000000103,1.4,0
84,12.17,11.43,11.32,11.75,11.23,7.49,1.88,1.01,1.48,1.12,2.38,2.82,5.81,8.94,8.51,6.24,7.37,9.03,9.4,12.78,13.92,14.58,15.97,13.56,27,41.38312159999988,2.1572314,1.16,4
85,21.67,22.16,22.12,21.94,21.2,18.7,9.67,2.63,3.09,5.21,6.74,5.12,6.72,9.57,10.21,10.25,15.3,17.55,18.12,18.69,18.96,19.98,21.44,22.35,24,41.37506719999962,2.159004999999983,1.62,1
86,24.01,24.39,24.52,24.46,23.83,20.6,10.21,3.49,3.39,5.65,6.07,6.07,8.44,12.71,13.72,13.49,15.64,21.05,20.93,22.67,24.01,25.02,25.26,25.16,27,41.375268299999455,2.163098100000008,1.43,1
87,14.55,14.78,14.69,14.85,14.04,8.28,1.42,0.56,0.5,1.63,3.28,3.66,3.21,2.9,2.97,2.35,2.53,2.56,3.7,6.11,9.22,11.08,12.1,12.94,21,41.38320530000035,2.1486715000000145,1.84,4
88,0.58,0.58,0.65,0.83,0.81,1.58,2.91,5.26,5.8,5.07,4.0,2.38,1.03,0.94,0.57,0.41,0.35,0.79,0.82,0.85,0.93,0.64,0.57,0.57,20,41.393598599999734,2.1506554000000047,1.78,0
89,3.15,3.02,2.82,2.65,2.51,4.21,7.74,3.0,1.4,1.11,1.05,0.91,0.62,0.71,2.15,0.87,0.69,1.3,1.8,2.51,3.09,2.17,1.88,1.89,27,41.3881540000002,2.1503428000000127,1.65,0
90,2.04,2.02,1.92,1.39,1.68,4.4,7.86,3.68,2.03,1.72,1.2,1.09,0.77,0.79,0.83,0.62,0.8,0.86,1.13,2.36,2.08,1.6,1.49,1.62,18,41.38842490000019,2.150783199999983,1.62,0
92,0.13,0.13,0.11,0.15,0.64,1.01,5.67,9.47,11.49,11.33,10.67,8.27,3.14,0.76,1.26,1.71,1.13,0.73,0.69,0.52,0.87,0.67,0.47,0.31,18,41.39378520000065,2.1602703999999653,1.11,0
93,1.73,1.92,2.37,4.24,5.37,7.61,7.45,3.93,3.34,3.84,2.5,1.74,1.19,1.18,2.25,3.56,3.86,5.68,5.55,3.62,1.99,1.33,1.29,1.57,24,41.37555950000018,2.1499725000000227,2.11,0
94,0.76,0.73,1.16,1.54,1.85,2.89,3.67,3.07,2.96,3.18,3.34,2.92,1.96,1.34,1.54,2.97,4.61,6.73,7.16,6.37,4.75,2.31,0.97,0.68,24,41.37557039999963,2.150068099999999,2.1,0
95,1.37,1.68,1.91,2.51,3.25,3.07,4.57,4.81,2.71,1.56,1.36,1.54,1.24,2.0,2.42,2.96,3.18,3.87,6.03,6.13,5.11,4.08,2.98,2.39,31,41.376647799395876,2.147688507099719,2.2,0
96,5.64,5.61,5.54,5.47,4.89,3.97,2.89,1.62,2.13,2.38,1.56,2.52,3.11,2.69,3.58,4.53,3.24,3.41,3.95,5.15,5.82,5.09,5.0,5.96,21,41.374231599999725,2.148386099999991,2.3,0
97,0.8,1.06,1.25,1.24,2.65,3.74,3.09,1.7,1.55,1.07,0.9,1.43,1.4,1.34,1.59,2.26,1.31,1.58,2.07,1.92,1.03,1.17,1.44,1.41,21,41.37823690000004,2.145502999999979,2.27,0
98,0.92,0.91,0.93,2.13,6.29,10.62,4.05,1.29,0.92,0.86,2.08,2.35,2.46,2.42,4.87,3.2,2.31,1.42,2.06,1.97,1.36,1.46,1.08,1.01,21,41.38038030000016,2.1409726000000027,2.54,0
99,1.65,2.09,2.28,2.76,3.28,5.23,4.36,1.92,2.18,1.53,2.14,1.78,1.18,1.24,1.9,1.76,1.32,1.15,1.89,1.82,1.33,1.48,1.78,1.63,19,41.380632000000276,2.1415479999999953,2.49,0
100,0.91,0.96,0.98,1.43,2.8,6.28,3.57,1.98,1.2,0.85,1.88,1.96,2.24,2.5,2.74,2.38,1.83,1.88,2.32,1.82,1.14,0.98,0.75,0.83,21,41.37916609999964,2.1440132000000136,2.35,0
101,0.17,0.27,0.36,0.39,0.8,2.69,4.21,4.94,5.89,6.06,4.41,3.24,2.79,0.94,0.87,1.63,0.97,0.98,1.01,0.93,0.61,0.45,0.32,0.18,21,41.3927877999997,2.1434059,2.32,0
102,0.11,0.02,0.0,0.61,0.77,1.33,4.07,6.41,7.31,7.13,6.46,4.9,1.94,0.68,0.81,1.42,1.12,0.75,1.31,0.48,0.86,0.98,0.45,0.08,20,41.392251900000446,2.1420435,2.41,0
103,10.43,10.47,10.42,10.43,9.63,7.39,2.2,1.1,1.25,1.44,1.73,2.53,3.82,3.8,4.94,7.34,8.69,6.82,6.22,7.22,7.83,8.44,8.7,10.03,21,41.40985599999947,2.1882169999999745,2.96,4
104,21.53,22.11,22.4,22.47,21.24,15.72,7.33,3.85,2.93,2.75,2.88,4.81,8.66,13.31,14.42,15.07,16.44,17.13,18.01,17.8,16.22,17.2,19.07,21.33,26,41.41085670000024,2.1872940999999826,3.02,1
105,0.25,0.37,0.34,0.42,1.16,3.18,8.83,17.27,18.67,18.71,18.08,15.8,11.75,9.32,8.45,8.54,7.98,7.45,6.02,3.15,2.3,2.13,1.66,1.16,21,41.38919700000035,2.173555000000013,0.38,2
106,1.84,2.28,2.73,5.9,8.51,4.81,1.28,0.37,0.45,0.41,0.85,0.74,1.06,0.99,0.72,0.82,1.1,1.58,2.68,2.54,2.36,1.65,1.46,1.38,20,41.40559999999931,2.1622999999999757,2.16,0
107,0.45,0.5,0.66,1.92,2.44,4.0,1.94,1.82,2.08,2.42,2.06,1.85,0.72,0.66,1.29,1.17,0.85,0.83,0.88,0.71,0.97,0.73,0.64,0.44,20,41.398561099999746,2.1530513000000115,1.91,0
108,5.21,6.59,6.81,8.44,11.13,5.87,1.46,0.95,1.32,1.21,2.34,3.4,2.79,3.06,2.31,5.04,5.12,5.29,4.9,4.37,4.69,3.38,2.79,3.49,21,41.40243280000038,2.164850299999978,1.77,0
109,1.78,2.12,2.23,2.12,2.18,1.94,1.86,1.76,2.13,1.99,1.68,1.8,1.05,0.83,1.46,1.33,0.54,0.53,1.18,1.76,1.7,1.8,1.38,1.0,18,41.3909359999998,2.1474256999999892,1.94,0
110,2.64,2.3,2.2,2.16,1.68,1.06,0.5,0.57,0.94,0.78,0.93,1.35,2.51,2.07,2.31,1.97,2.04,2.27,2.76,2.96,3.71,4.51,4.61,3.38,21,41.3857052999995,2.1547190999999817,1.29,0
111,20.36,20.7,20.51,20.07,19.87,13.8,4.0,1.0,1.01,0.93,1.61,4.3,5.44,6.84,6.19,5.51,8.69,11.85,12.45,13.27,14.91,16.57,18.19,20.06,27,41.381314099999415,2.1527471000000036,1.58,4
112,14.94,15.3,15.36,15.31,13.69,9.32,3.54,2.02,1.87,1.77,2.16,2.79,4.54,6.84,8.67,10.04,11.68,13.86,14.55,13.73,12.67,12.73,14.18,15.41,20,41.37760609999979,2.1572894999999956,1.49,4
113,23.03,23.31,22.29,21.84,21.34,18.07,8.96,2.22,1.56,2.45,2.38,3.72,5.47,5.95,7.28,11.1,17.01,21.24,23.44,23.69,23.08,22.8,22.65,23.01,27,41.377409600000526,2.164826100000022,1.15,1
114,11.32,9.47,6.41,5.08,4.45,4.84,9.58,14.92,14.64,11.6,9.06,6.69,4.43,6.11,14.55,15.45,14.69,14.14,12.11,7.49,9.77,13.16,14.72,13.95,20,41.37683340000046,2.1737388999999907,1.17,4
115,12.45,9.89,8.98,8.8,9.01,7.08,6.06,8.06,11.1,12.67,13.23,13.7,12.88,12.9,12.46,13.57,14.51,16.59,17.82,17.04,16.63,16.75,15.76,13.86,21,41.383731199999666,2.184147700000023,1.23,3
116,7.14,6.51,5.95,6.25,6.66,12.68,21.28,23.68,24.19,24.26,22.98,19.52,18.24,16.61,14.78,8.86,4.32,3.4,4.38,6.08,5.77,5.06,5.11,5.49,27,41.38393960000025,2.191673099999969,1.84,2
117,4.41,4.28,4.06,3.32,3.05,2.42,2.98,11.33,17.15,17.71,17.79,16.36,15.61,15.9,15.94,14.8,14.16,15.45,16.31,16.84,15.35,11.86,8.64,7.02,21,41.390788500000525,2.196950900000028,2.29,3
118,21.57,21.73,20.98,20.85,20.54,14.69,4.56,13.84,21.02,21.72,22.01,20.82,21.64,22.34,21.25,18.63,16.37,16.8,18.07,18.57,19.73,20.71,21.26,21.61,27,41.391992903927225,2.1879543184290355,1.6,3
119,21.64,21.9,21.97,20.93,20.55,14.97,8.46,4.03,5.01,5.95,7.1,8.03,12.65,17.39,18.18,17.28,15.8,16.4,17.31,16.59,16.84,17.8,19.57,20.99,27,41.3966226000003,2.182394400000016,1.48,1
120,12.79,13.32,13.67,14.55,15.57,12.34,5.2,1.42,1.39,1.68,1.59,2.99,3.8,3.97,3.26,4.51,6.3,5.85,7.16,7.89,9.07,9.22,10.73,12.45,21,41.404586939576674,2.1765086193353658,2.02,4
121,17.73,18.13,18.22,18.24,17.35,13.05,3.64,1.58,1.35,2.3,3.72,5.96,8.66,10.5,9.55,8.18,7.84,9.1,9.72,12.95,14.9,14.76,15.62,16.91,21,41.40618850000019,2.1785207999999683,2.24,4
122,6.07,6.56,6.8,6.88,8.18,5.6,1.98,0.79,1.51,1.09,1.27,1.24,2.72,1.58,0.95,3.9,5.47,5.92,4.79,7.14,6.77,4.7,3.89,4.3,21,41.40533789999978,2.1660973000000276,2.06,0
123,1.14,1.52,1.71,2.77,3.96,3.63,1.44,1.13,1.85,1.66,1.97,4.27,2.43,1.67,2.37,2.81,2.49,3.38,2.13,2.29,1.79,1.4,0.7,1.52,21,41.39811399999969,2.1668279999999758,1.26,0
124,1.12,0.88,0.64,0.93,3.84,8.8,21.11,24.28,24.0,23.85,23.97,23.54,22.46,21.77,21.93,18.85,15.01,12.47,10.34,5.9,3.14,2.15,1.38,0.87,27,41.3702482637018,2.1878125984221697,2.38,2
125,1.64,1.55,1.28,1.14,1.65,10.18,16.79,17.69,18.04,16.47,15.78,15.37,15.79,12.51,9.9,7.3,6.62,6.31,5.28,3.15,1.9,1.25,0.59,0.55,21,41.38446929999945,2.1955147000000244,2.15,2
126,10.49,7.41,6.42,5.16,5.26,6.06,7.5,14.61,20.12,20.83,20.22,19.42,18.56,19.48,20.19,19.9,19.74,19.58,20.12,20.44,20.48,19.8,18.68,14.65,23,41.38067850000049,2.181774800000019,1.21,3
127,20.72,21.14,21.94,21.37,19.18,13.87,12.39,6.49,3.79,5.78,8.32,8.27,10.79,16.85,20.12,20.68,20.19,19.31,18.32,15.59,16.04,17.22,19.23,21.35,27,41.41187179999988,2.1911494000000107,3.28,1
128,25.17,25.6,25.64,25.54,24.51,20.37,10.34,4.09,3.04,6.02,9.46,12.48,17.53,19.12,19.83,18.43,19.59,20.46,19.92,20.47,20.15,20.85,22.67,24.67,28,41.41541330000026,2.1964181000000096,3.85,1
129,22.01,22.2,22.57,22.38,21.24,18.94,12.99,3.63,2.13,3.94,4.64,5.06,8.86,13.48,16.16,17.48,18.04,21.38,23.73,22.15,21.83,23.42,24.27,24.12,27,41.377051499999716,2.1611378000000054,1.33,1
130,20.86,21.08,21.1,20.64,20.2,18.11,15.31,10.52,7.02,5.54,7.55,9.37,14.01,16.01,17.08,15.22,16.92,18.54,16.76,16.06,16.8,16.9,18.55,20.36,24,41.41982809999981,2.2015739999999973,4.5,1
131,19.59,20.13,20.45,19.64,18.29,18.49,17.69,15.73,15.49,14.95,13.74,12.53,12.06,13.76,16.95,19.79,17.23,19.71,19.31,15.34,15.69,15.59,16.02,17.28,27,41.422784999999706,2.205940000000035,4.98,3
132,25.18,25.35,25.4,25.32,24.57,22.03,16.82,12.6,12.86,12.61,12.96,14.09,14.89,12.92,13.61,15.7,19.56,20.5,22.05,23.88,24.84,24.74,24.9,25.31,27,41.408455400000086,2.1919801999999904,3.01,1
133,11.68,11.9,12.08,12.32,12.25,11.82,10.87,11.77,12.87,12.82,12.77,11.99,11.33,12.95,11.82,12.12,8.69,5.89,6.67,7.68,8.33,9.68,10.83,11.31,16,41.40766019999953,2.1924880999999923,2.96,4
134,16.8,17.09,17.02,16.69,16.76,15.43,13.36,12.04,10.42,9.28,9.69,10.87,10.71,11.72,13.3,14.41,15.6,15.1,13.96,16.38,16.31,14.93,15.54,17.05,21,41.411593400000115,2.1987618999999836,3.64,1
135,17.47,17.66,17.67,17.76,17.6,16.12,9.92,4.77,3.7,3.12,4.34,6.4,10.49,12.7,12.75,14.66,15.81,17.34,15.76,15.85,16.27,16.37,16.82,16.83,21,41.41213159999933,2.1977579000000023,3.63,1
136,24.7,24.21,24.21,24.01,23.78,21.56,14.13,8.72,6.64,6.53,6.73,7.69,10.35,11.27,12.52,14.04,16.89,18.66,20.26,21.46,22.55,22.89,23.63,24.19,27,41.414181299999626,2.201589400000024,4.01,1
137,17.17,17.76,17.89,17.39,17.53,14.39,9.55,4.88,3.51,3.53,3.22,5.27,7.41,9.3,11.13,11.46,9.88,10.96,13.39,15.84,16.0,16.47,16.51,16.98,24,41.41446559999978,2.20142439999997,4.02,4
138,18.27,18.27,18.36,18.27,17.63,14.29,9.66,8.95,9.23,9.01,8.03,8.75,10.58,13.41,14.71,15.22,15.9,16.61,17.73,17.47,17.26,17.86,17.79,18.43,21,41.41683199999979,2.2053065000000056,4.43,1
139,27.04,27.22,27.39,27.49,27.18,24.83,17.31,12.27,10.41,9.09,9.17,10.13,14.72,17.86,19.03,20.57,22.4,23.86,25.59,26.4,26.08,26.45,26.87,27.86,32,41.41792409999942,2.2061937000000102,4.57,1
140,16.36,16.63,16.6,16.33,15.53,10.68,2.7,1.14,1.39,1.3,2.1,3.6,5.56,8.03,10.29,10.95,13.1,13.12,13.35,16.36,17.88,16.94,17.79,17.48,27,41.380664799999884,2.15625,1.35,4
141,27.77,28.11,27.41,27.28,26.5,22.14,16.96,16.29,18.29,18.17,18.46,19.7,19.86,20.17,21.05,22.13,23.29,23.72,23.0,24.71,26.93,26.89,27.16,28.79,32,41.409015799999914,2.1946376999999915,3.19,1
142,5.29,5.36,5.33,4.51,4.92,9.31,22.5,28.07,25.47,26.39,25.9,22.01,19.26,20.24,20.63,11.15,2.37,1.71,1.01,3.04,5.4,5.1,5.44,4.57,32,41.400569199999424,2.1923424999999956,2.4,2
143,9.44,8.52,8.29,6.73,6.01,6.67,15.44,22.37,24.86,23.41,22.34,19.3,19.4,21.18,21.74,16.1,6.16,3.4,3.45,5.35,6.95,9.11,8.74,8.9,27,41.40307250000028,2.1959541000000287,2.81,2
144,14.74,13.64,13.11,11.67,8.71,7.07,13.16,19.31,19.44,18.58,17.45,17.55,19.6,18.64,19.66,16.38,10.83,8.71,8.48,9.42,12.02,13.64,14.77,15.88,27,41.40578710000038,2.197554200000012,3.1,3
145,12.6,12.82,11.85,11.04,10.07,9.6,13.94,20.42,22.19,20.0,17.13,14.86,11.32,12.26,13.25,12.09,7.12,6.67,6.78,9.24,12.16,13.08,12.53,13.21,27,41.409906600000625,2.2028356000000078,3.74,2
146,8.23,8.26,8.23,7.63,6.29,6.79,9.21,11.48,11.47,11.46,10.91,10.01,8.98,8.43,7.94,8.28,7.34,6.5,7.38,8.39,9.13,9.32,9.08,9.02,15,41.41514399999957,2.207206000000026,4.41,4
147,21.57,21.72,22.1,21.33,19.96,15.93,10.57,6.28,6.52,7.83,7.29,7.69,15.09,13.47,15.12,15.83,17.46,17.13,17.64,19.22,19.88,19.93,21.02,22.02,27,41.4160179999999,2.212657999999984,4.8,1
148,24.55,24.72,25.23,24.09,23.65,21.16,12.84,3.67,2.84,2.2,2.53,4.44,7.13,10.43,12.82,16.38,20.96,22.34,23.51,23.06,22.91,23.4,23.98,24.65,27,41.37848600000041,2.1634039999999803,1.1,1
149,8.06,8.06,7.73,6.95,5.79,9.34,18.61,24.09,24.53,22.02,19.9,16.25,12.54,14.43,12.65,8.24,2.84,1.8,2.83,4.42,4.24,4.99,7.81,8.29,27,41.395905000000354,2.1929580000000146,2.16,2
150,17.55,15.72,15.2,13.51,8.47,6.4,9.59,16.44,17.61,15.49,14.35,14.44,14.28,15.68,14.86,12.1,8.93,7.65,8.9,11.31,15.84,16.26,15.96,16.66,27,41.40654899999958,2.2031119999999835,3.51,3
151,9.25,9.43,9.52,8.49,8.03,11.18,20.23,24.02,24.36,22.91,19.59,15.85,14.04,12.51,10.36,6.15,2.36,1.92,2.25,2.17,4.34,6.37,7.43,7.51,27,41.40064999999965,2.1971900000000164,2.73,2
152,8.58,8.46,8.23,7.36,6.43,6.58,13.66,21.89,23.57,21.98,18.98,17.6,15.44,13.43,13.51,11.58,5.99,3.11,2.38,4.63,4.98,5.61,7.26,7.89,27,41.3992499999996,2.1974210000000123,2.66,2
153,12.13,12.24,10.62,7.75,5.06,3.43,5.57,16.13,19.81,19.95,18.69,16.74,16.49,18.0,16.88,15.71,16.43,16.22,13.52,13.08,13.71,13.71,13.8,14.64,23,41.40177799999967,2.2007690000000206,3.05,3
154,20.12,20.1,17.68,14.32,10.05,6.71,5.31,16.29,21.42,22.52,19.93,20.25,21.1,21.44,21.55,21.14,20.61,19.91,19.65,21.67,23.52,22.58,19.55,19.01,32,41.402453999999395,2.2016559999999763,3.15,3
155,14.4,13.83,13.77,11.81,10.65,10.0,22.04,25.01,22.92,21.7,19.62,17.86,11.83,12.08,14.62,10.41,2.85,2.88,5.45,9.56,12.99,14.06,13.65,14.73,32,41.406976999999614,2.2076019999999708,3.84,2
156,7.54,7.89,7.83,7.76,7.34,9.94,18.49,22.69,22.77,21.76,19.48,17.3,11.5,9.55,8.84,7.39,5.5,8.39,12.59,15.34,12.17,9.04,7.73,9.63,27,41.40901700000069,2.2088100000000104,4.06,2
157,14.24,13.85,12.53,11.09,9.29,9.2,10.05,13.0,17.42,17.61,16.48,16.25,16.35,17.6,18.3,17.4,17.41,17.58,17.77,19.19,19.82,19.22,16.35,14.75,24,41.41294199999984,2.217994000000015,4.94,3
158,9.88,9.91,9.82,8.45,8.31,8.97,14.73,21.73,22.9,20.0,17.94,16.44,12.66,12.74,13.42,13.02,11.67,10.25,9.06,8.28,9.26,9.12,9.48,9.82,27,41.4117409999999,2.218546000000001,4.9,2
159,13.02,12.68,12.79,10.74,9.92,10.58,14.87,25.2,28.32,28.88,27.6,26.39,26.27,24.49,22.8,22.03,21.21,18.47,17.96,16.8,15.72,12.87,10.44,10.99,32,41.410882000000115,2.2167030000000327,4.72,3
160,8.14,7.05,7.08,6.78,7.28,12.92,23.77,29.67,30.93,30.39,29.15,27.97,24.24,22.71,22.46,20.2,15.08,12.85,12.35,11.02,10.03,8.64,8.13,8.04,33,41.411026000000554,2.219376999999973,4.91,2
161,8.98,9.4,8.95,8.13,6.6,7.03,18.63,23.42,23.91,22.17,20.37,17.67,15.2,12.42,13.3,9.19,4.59,4.24,5.53,7.24,6.41,6.15,7.52,8.4,27,41.39500899999986,2.1963080000000255,2.37,2
162,19.3,18.77,15.71,12.5,8.25,6.27,8.49,15.37,18.42,19.66,20.13,20.8,19.3,16.06,15.78,13.82,9.43,7.3,9.86,12.0,15.7,17.68,18.51,19.46,27,41.40390800000021,2.208435999999972,3.72,3
163,14.26,14.0,13.14,11.6,9.38,7.71,5.7,15.26,19.91,20.07,18.82,18.04,17.58,19.75,20.25,17.14,15.45,12.91,15.07,16.08,16.8,17.38,17.21,15.08,27,41.394199999999685,2.200769999999985,2.69,3
164,22.41,22.74,22.63,22.59,20.79,15.47,6.5,2.52,3.28,3.4,2.4,4.08,5.1,3.03,5.15,5.89,8.66,9.88,10.93,12.97,15.03,16.5,17.73,19.74,26,41.411900999999695,2.1778950000000195,2.84,4
165,22.53,22.96,22.9,21.93,20.38,14.63,15.29,18.97,22.24,21.99,20.65,19.2,17.77,21.43,21.43,19.12,15.46,16.03,18.7,19.67,21.85,22.03,21.87,22.46,27,41.39919599999951,2.2042530000000284,3.16,3
166,19.6,19.77,17.61,15.52,13.32,10.86,11.58,12.42,14.26,15.16,16.3,15.22,15.23,17.48,17.75,16.06,14.62,15.81,17.37,19.18,20.94,21.45,18.42,19.59,27,41.400533,2.2065390000000167,3.4,3
167,9.19,9.38,9.63,9.71,9.16,6.9,6.04,8.9,11.27,11.01,10.04,10.79,11.52,13.72,13.56,12.37,10.91,9.28,10.35,11.29,12.85,11.44,10.06,10.09,21,41.4025609999998,2.2105380000000263,3.8,4
168,12.47,12.26,12.27,12.32,11.72,11.4,11.44,18.54,20.97,19.98,20.4,20.64,20.39,21.54,20.2,17.58,13.34,10.49,10.63,12.24,13.2,14.23,13.02,11.87,27,41.405357999999985,2.2136769999999775,4.18,3
170,10.98,10.74,9.15,8.87,8.41,7.64,8.18,17.9,31.26,36.74,38.04,38.62,36.3,36.33,34.58,33.5,31.91,28.98,26.94,25.96,25.59,23.03,19.66,14.9,54,41.389731999999704,2.1999339999999887,2.52,3
171,20.77,19.82,18.78,15.76,13.37,12.88,12.96,14.36,19.49,23.3,24.95,24.72,26.19,27.3,30.13,31.41,30.11,27.73,25.36,24.92,25.22,24.97,24.07,24.34,54,41.391985999999605,2.20369899999999,2.87,3
173,8.14,8.17,8.24,8.29,8.3,8.66,9.16,10.69,11.94,12.43,13.07,12.15,10.83,10.83,11.79,13.12,15.01,19.58,20.2,17.94,13.41,10.35,9.41,9.12,27,41.39802699999953,2.208982000000027,3.48,3
174,12.57,12.47,12.56,12.72,12.43,11.72,11.84,13.65,15.96,15.81,15.35,13.0,12.31,12.18,11.57,10.44,10.72,11.58,12.33,14.34,14.51,13.32,11.82,11.6,27,41.40061000000038,2.2104609999999743,3.7,3
175,11.3,10.74,10.2,9.54,8.4,8.32,13.01,18.99,20.25,19.55,18.6,12.87,10.89,13.12,12.75,9.25,3.49,2.96,5.34,8.55,12.42,13.25,12.12,12.03,27,41.40666000000035,2.209560000000009,3.96,2
176,10.63,10.87,10.93,10.96,10.53,9.41,8.87,16.07,20.28,19.88,17.82,15.24,12.79,13.75,13.22,13.29,12.79,10.99,9.48,8.77,9.08,9.16,8.79,9.04,27,41.40254099999968,2.2126410000000125,3.96,2
177,25.05,24.97,24.71,24.36,22.28,12.73,3.71,1.22,2.52,2.74,3.31,5.49,10.39,10.8,8.22,6.69,10.69,14.91,18.77,21.36,22.04,22.66,22.96,24.0,27,41.41108900000025,2.1811190000000154,2.83,1
178,9.08,9.0,9.01,9.06,9.08,12.49,18.21,23.23,23.76,22.19,20.32,17.81,16.06,15.18,13.46,9.62,3.79,3.58,3.89,4.41,7.88,9.27,8.19,8.1,27,41.40538899999963,2.2162120000000254,4.37,2
179,9.91,6.97,6.37,5.61,5.17,4.9,7.76,9.2,9.41,10.1,10.83,10.1,10.61,11.85,11.64,10.06,7.56,6.28,6.59,8.49,10.99,12.13,12.73,11.56,15,41.36351099999963,2.1367700000000065,3.82,4
180,39.21,22.73,12.67,9.29,8.29,9.31,18.08,22.51,21.66,19.72,18.01,18.05,18.68,22.76,26.48,24.89,19.96,21.11,26.82,31.92,37.89,41.32,42.67,44.37,50,41.36778000000029,2.1392599999999877,3.35,3
182,23.59,22.87,23.05,22.68,22.04,19.14,10.86,2.83,1.63,1.74,2.49,4.06,8.05,9.13,8.47,8.88,12.23,14.43,15.51,19.19,22.54,23.45,24.44,24.79,27,41.37145500000035,2.1438820000000103,2.79,1
183,26.41,26.36,26.01,25.92,25.46,22.34,12.3,4.0,1.65,1.58,2.39,5.42,9.29,12.44,12.97,14.68,18.8,22.24,23.32,24.63,25.73,26.2,26.52,27.2,28,41.372338000000205,2.141875000000022,2.87,1
184,25.11,23.67,21.74,21.27,20.22,16.96,10.31,6.44,5.46,5.58,5.6,9.18,14.06,16.05,16.91,16.77,17.49,19.0,21.38,24.41,25.04,24.99,25.08,25.36,27,41.36750400000057,2.1340880000000158,3.71,1
185,16.09,16.17,16.16,16.03,15.3,10.77,3.76,1.47,1.01,1.0,1.92,5.2,7.6,8.44,8.27,10.48,13.28,13.87,14.46,14.65,15.32,15.43,15.4,15.77,17,41.370459999999355,2.1389939999999883,3.18,4
186,15.96,16.11,15.62,16.1,15.53,11.88,5.17,2.34,1.18,1.51,2.65,2.71,2.52,4.44,4.69,6.47,9.48,11.17,12.6,15.51,17.32,17.93,17.29,17.21,26,41.375571000000285,2.14381200000002,2.54,4
187,1.53,1.45,1.43,1.43,1.43,1.42,1.32,1.4,1.21,1.15,1.05,1.04,0.99,0.86,0.8,1.14,1.33,1.88,1.84,2.2,2.33,2.33,2.35,1.64,19,41.37685799999969,2.1698109999999855,1.13,0
188,19.74,19.78,20.84,21.11,19.2,12.1,2.95,0.76,1.13,0.95,2.77,4.22,5.69,8.37,8.69,10.29,13.12,15.51,18.92,18.65,17.15,16.38,17.42,18.07,27,41.375801999999545,2.1359729999999884,3.11,1
189,0.86,0.84,0.83,4.5,12.03,13.51,7.21,2.71,2.8,3.09,2.42,3.39,1.92,0.79,3.41,5.08,2.73,1.99,3.34,2.13,1.73,2.92,1.47,0.52,28,41.39691799999957,2.1661630000000196,1.15,0
190,17.11,17.4,17.45,17.14,16.45,15.66,12.99,14.58,16.01,17.54,18.01,18.9,16.65,16.66,17.39,17.88,18.25,17.54,16.7,17.0,17.14,16.63,16.74,17.44,29,41.396059999999395,2.2078030000000113,3.31,3
191,12.82,13.38,13.84,13.85,13.32,8.85,1.17,0.48,0.69,0.95,3.96,3.94,3.05,2.79,2.89,2.64,2.61,3.6,3.38,5.77,8.98,10.24,11.01,11.48,24,41.38256399999962,2.149094000000024,1.82,4
192,11.1,11.72,12.14,12.31,11.56,7.16,1.22,0.57,0.91,0.82,1.34,2.2,4.35,5.45,4.38,4.24,4.21,5.07,6.05,7.34,9.18,8.91,9.86,11.45,21,41.37862899999974,2.1334670000000275,3.2,4
193,4.31,6.16,7.54,8.05,8.12,5.1,1.41,0.66,0.88,1.18,1.32,1.48,2.7,2.66,1.19,0.87,0.84,0.82,1.59,2.65,3.57,3.58,4.12,4.37,26,41.38131100000019,2.1289119999999815,3.5,0
194,6.46,8.02,8.61,9.7,9.15,5.23,1.02,0.37,0.39,0.39,1.81,2.13,2.87,2.1,1.76,1.55,1.36,1.68,2.72,1.97,2.07,2.73,3.31,4.86,22,41.38101299999942,2.132319000000032,3.23,0
195,3.02,3.3,3.55,4.02,3.32,2.39,1.15,0.6,0.52,0.82,1.12,1.16,1.87,2.36,2.22,2.25,2.11,2.97,2.94,1.76,1.65,2.33,2.83,3.2,20,41.3818879999999,2.1354329999999875,2.95,0
196,2.74,3.23,3.46,4.87,5.59,4.94,2.23,1.73,1.0,1.25,1.97,1.95,1.99,1.42,1.42,1.29,0.58,0.74,2.04,1.64,1.13,1.69,1.82,2.57,23,41.383240999999614,2.1393630000000026,2.6,0
197,2.53,2.62,3.64,4.61,4.26,2.44,1.42,1.32,1.73,1.57,1.15,1.43,1.51,1.02,1.24,1.27,1.48,1.77,1.64,1.6,2.46,2.39,2.27,2.28,22,41.38711999999963,2.1410390000000143,2.43,0
198,2.42,4.27,4.8,6.81,7.82,6.15,1.69,0.27,0.67,0.99,1.26,1.17,1.65,1.23,0.76,0.92,0.84,0.89,1.08,0.75,0.71,0.88,0.75,1.82,24,41.38450999999988,2.1336169999999752,3.06,0
199,3.13,4.62,6.07,7.36,7.44,6.54,4.25,1.81,1.33,1.38,1.93,2.85,2.44,0.74,0.94,1.16,0.79,0.95,1.7,2.56,3.56,2.75,1.9,2.26,27,41.38181999999958,2.1269330000000073,3.65,0
200,2.76,4.22,6.1,7.03,7.08,4.39,1.01,0.61,0.69,0.67,0.8,1.24,1.32,0.62,0.92,0.69,0.65,0.56,1.03,1.64,1.59,1.13,1.0,1.88,22,41.38375599999952,2.1312729999999807,3.26,0
201,1.49,4.0,5.55,6.48,6.95,6.56,3.67,0.95,1.57,1.8,1.33,1.54,1.4,1.26,1.26,0.85,0.54,1.15,1.26,0.51,0.64,0.48,0.35,0.62,16,41.387786999999726,2.13434099999997,2.99,0
202,2.04,4.23,5.96,6.64,6.74,5.58,3.66,2.27,2.14,2.71,2.38,2.18,1.77,1.18,0.87,0.5,0.48,0.49,0.52,0.76,0.75,0.68,0.75,0.79,16,41.385331000000434,2.1287370000000005,3.46,0
203,0.19,0.22,0.28,0.25,0.25,2.86,10.78,19.67,20.05,18.28,15.88,11.35,3.89,1.21,0.81,0.46,0.38,0.4,0.67,1.02,0.42,0.3,0.26,0.35,33,41.38874199999945,2.1285029999999874,3.48,2
204,0.12,0.13,0.13,0.2,0.58,2.27,11.76,22.21,25.02,25.28,24.06,17.59,5.36,1.01,0.41,0.25,0.15,0.27,0.3,0.16,0.26,0.23,0.15,0.22,33,41.388010999999366,2.1255929999999847,3.72,2
205,1.18,1.53,2.58,2.85,3.2,3.58,3.7,4.5,3.85,2.73,2.67,2.07,1.17,1.81,2.57,1.34,2.1,2.16,2.84,2.69,1.68,1.48,1.86,1.47,20,41.38746499999981,2.130838000000023,3.28,0
206,0.37,0.3,0.33,0.61,1.22,3.14,7.69,13.72,14.74,13.23,10.65,6.98,1.69,0.86,1.06,0.51,0.31,0.47,0.53,0.57,0.52,0.29,0.25,0.18,31,41.389845000000484,2.1328399999999887,3.13,0
207,0.22,0.16,0.1,0.42,0.83,2.93,9.04,13.1,14.89,13.92,12.5,10.51,5.48,1.58,0.61,0.47,0.56,0.87,0.38,0.33,0.62,0.49,0.37,0.26,25,41.390827999999665,2.136664999999994,2.82,0
208,0.31,0.22,0.42,0.92,1.09,2.04,2.67,5.26,7.21,7.17,6.74,6.4,3.93,1.06,0.9,1.28,0.87,1.17,0.53,0.74,0.35,0.24,0.17,0.23,25,41.39145099999971,2.1391159999999965,2.63,0
209,0.4,0.42,0.62,0.82,1.1,1.01,1.19,3.11,5.59,6.25,6.11,5.83,4.78,4.29,2.91,2.14,2.6,2.15,2.28,2.27,2.57,2.42,1.14,0.91,24,41.385754999999556,2.161004000000029,0.77,0
210,20.14,20.06,20.02,19.25,18.64,14.34,6.2,1.35,0.49,0.85,1.35,1.83,2.63,3.92,5.2,6.88,10.12,12.21,13.32,14.84,16.24,18.17,20.67,22.14,27,41.37453000000014,2.1423560000000017,2.7,4
211,8.4,7.26,5.53,4.47,5.62,13.05,19.78,23.7,23.11,22.07,19.36,16.2,13.19,13.44,10.7,5.73,2.51,2.54,2.66,4.32,6.88,7.37,8.64,9.73,28,41.39877200000026,2.1901669999999793,2.13,2
212,0.27,1.32,2.57,3.46,4.0,4.14,4.67,3.13,2.87,2.5,1.67,1.44,0.84,1.09,0.59,0.57,0.46,0.67,0.53,0.28,0.11,0.19,0.17,0.39,22,41.39239000000062,2.130945000000028,3.32,0
213,1.76,6.46,9.58,15.81,18.16,18.62,16.58,17.21,16.35,16.95,16.37,15.43,12.42,6.81,2.96,0.82,0.42,0.32,0.53,0.53,0.2,0.15,0.74,0.85,29,41.393782999999736,2.1350780000000165,3.02,2
214,0.17,0.17,1.56,4.07,5.18,5.44,4.15,2.97,2.73,2.72,2.62,2.44,1.38,0.45,0.5,0.33,0.27,0.76,0.65,0.47,0.46,0.44,0.17,0.15,21,41.395251000000655,2.1335409999999886,3.19,0
215,0.11,0.13,1.81,3.48,5.6,7.08,6.25,5.2,4.85,3.65,3.11,2.95,2.83,1.73,0.6,0.56,0.54,0.48,0.41,0.4,0.32,0.24,0.2,0.14,16,41.39412000000057,2.1381460000000057,2.78,0
216,9.6,10.98,12.02,12.6,12.79,11.55,8.0,3.99,2.64,2.29,2.34,2.13,1.55,1.08,0.87,0.67,0.89,0.61,0.52,0.53,0.66,0.68,0.61,1.87,23,41.396809000000594,2.1445340000000166,2.4,0
217,13.61,15.55,15.88,16.47,16.03,15.21,10.09,4.03,2.46,1.89,1.82,1.61,1.0,0.49,0.55,0.33,0.46,0.22,0.33,0.45,0.55,0.53,1.1,5.16,23,41.39846300000047,2.1439239999999855,2.53,4
218,25.54,25.71,25.72,25.78,25.12,19.26,5.89,1.69,2.42,2.29,5.67,10.5,16.67,20.2,19.37,18.84,18.65,20.02,20.35,21.14,20.41,20.94,22.9,24.62,27,41.404114000000575,2.1832030000000295,2.19,1
219,8.8,11.02,12.88,14.63,15.07,12.15,5.44,2.43,1.95,2.14,2.14,2.5,2.18,1.63,1.52,1.16,1.13,1.23,1.3,1.13,1.14,1.21,3.74,6.15,24,41.39769800000045,2.1473580000000014,2.24,0
220,0.24,0.29,0.25,0.23,1.16,2.4,9.62,7.44,8.15,7.95,6.11,2.55,0.91,0.94,1.34,1.07,1.14,1.23,0.9,0.99,0.95,0.79,0.7,0.25,27,41.39622900000069,2.1514819999999886,1.86,0
221,3.23,4.26,7.35,13.11,12.9,9.7,2.83,2.49,2.54,7.08,4.49,1.7,1.36,0.85,1.21,1.4,1.78,1.6,1.66,1.83,1.83,1.65,1.04,1.08,24,41.40253500000025,2.152518999999988,2.26,0
222,9.82,16.71,19.05,19.26,17.14,9.69,1.98,0.41,0.66,1.0,1.08,1.52,1.52,0.71,1.36,2.57,3.01,2.7,3.06,2.73,2.65,2.26,1.4,1.86,27,41.40123999999949,2.1574829999999756,1.9,4
223,2.43,10.08,16.15,19.33,19.94,12.67,3.14,0.9,1.98,1.55,2.46,2.8,2.21,1.04,1.64,2.54,3.4,3.47,2.59,2.06,2.19,2.1,1.72,1.03,31,41.39831100000056,2.159865000000016,1.52,4
224,2.04,2.11,2.15,3.0,3.58,2.99,0.95,0.45,1.37,2.52,2.47,4.07,3.11,3.03,2.38,2.76,4.75,5.71,5.03,4.84,4.52,2.67,0.85,0.61,26,41.39994500000021,2.164389000000023,1.51,0
225,11.25,11.57,11.73,11.4,10.2,5.59,2.15,0.72,0.64,0.47,0.8,1.61,2.01,1.35,1.37,1.39,1.7,2.11,2.21,5.27,7.81,8.91,8.15,8.97,24,41.38495600000062,2.150814000000016,1.62,4
226,17.15,17.97,18.88,18.8,17.41,8.86,1.78,0.6,1.11,0.68,2.17,2.2,2.1,0.96,1.18,1.5,2.43,2.51,2.58,2.74,2.64,1.59,1.59,9.22,27,41.403464999999635,2.161096000000024,1.97,4
227,5.67,6.7,7.17,7.11,6.29,2.24,0.32,0.36,0.35,0.65,0.84,0.57,0.52,0.5,0.64,0.7,1.17,1.27,1.15,2.08,2.03,2.27,3.02,4.04,18,41.4078369999997,2.158678000000008,2.5,0
228,2.69,5.2,8.3,12.84,14.22,7.98,1.93,0.27,0.18,0.18,0.21,0.36,0.29,0.43,0.45,0.53,0.73,1.21,1.16,0.89,0.81,0.76,1.65,3.81,21,41.4069400000005,2.1557940000000104,2.51,0
229,11.78,11.77,14.67,18.4,18.6,10.47,2.04,2.79,3.81,2.68,3.62,5.7,2.28,1.31,1.17,1.0,2.3,1.99,1.78,1.89,2.14,1.72,7.97,9.94,27,41.40510699999956,2.156874000000012,2.29,4
230,3.8,6.14,8.26,13.29,17.87,13.01,4.15,1.13,0.94,0.65,1.12,1.52,0.91,0.83,1.18,0.84,1.43,1.4,1.46,1.84,1.69,1.64,1.26,1.47,26,41.405986000000546,2.1516329999999675,2.61,0
231,8.66,9.21,9.38,10.65,11.91,4.58,1.26,0.49,0.81,1.56,1.72,2.88,1.67,1.08,1.99,3.04,2.81,2.64,4.48,4.13,5.76,5.5,5.64,6.01,24,41.407201999999536,2.1634759999999664,2.31,0
232,24.57,24.45,24.27,24.0,24.12,23.7,20.4,14.42,11.66,10.48,9.32,11.92,14.58,15.13,17.26,17.32,19.72,20.39,19.57,21.5,23.98,24.52,25.17,25.66,27,41.373509000000105,2.171002000000025,1.5,1
233,17.71,17.97,18.0,17.9,16.95,12.41,5.43,1.73,1.29,1.5,0.98,1.7,2.08,2.42,2.54,3.06,4.66,7.1,8.99,11.99,15.14,17.08,18.47,18.53,27,41.37196499999949,2.1668709999999782,1.69,4
234,14.49,15.19,15.43,16.03,15.66,12.6,7.33,2.41,2.89,3.7,3.12,2.58,2.14,2.01,6.02,4.54,4.98,6.15,8.29,11.92,12.84,12.33,12.97,14.82,27,41.37151499999975,2.162166000000008,1.84,4
235,23.67,23.98,24.03,23.89,23.59,19.81,10.54,5.44,5.06,5.01,4.79,6.04,7.46,10.03,13.14,16.51,19.8,22.14,23.13,23.74,22.48,22.5,23.27,24.26,27,41.37506500000016,2.165839000000005,1.37,1
236,8.67,9.56,10.23,10.85,11.13,9.32,5.99,2.75,2.72,3.54,3.82,4.3,4.17,4.22,3.7,3.97,4.5,6.26,8.5,10.58,11.31,10.23,8.78,8.96,24,41.37512699999956,2.152769000000019,1.96,4
237,14.83,14.99,14.9,15.46,15.07,15.04,12.01,5.68,3.89,3.78,3.46,2.69,2.06,2.4,8.25,13.08,14.69,14.76,15.19,14.7,14.99,14.25,14.1,14.78,27,41.37289099999989,2.1544709999999965,2.04,4
238,24.57,24.76,24.88,24.68,23.76,20.75,14.38,7.49,7.35,9.6,11.64,12.05,13.17,14.27,14.91,15.38,18.12,19.2,21.56,21.0,21.65,21.52,22.62,24.65,27,41.415683999999665,2.190986000000005,3.63,1
239,22.55,22.5,22.47,21.82,20.43,16.28,5.33,2.24,4.01,5.07,5.44,7.62,9.08,9.45,8.76,8.71,11.74,14.34,17.04,18.98,21.2,21.89,22.62,22.9,27,41.41732300000046,2.184533999999989,3.58,1
240,22.13,20.81,20.61,20.5,20.18,18.06,7.02,2.13,1.98,4.06,6.33,7.8,10.38,11.98,12.53,13.3,17.06,20.53,21.74,22.33,22.92,22.68,23.34,23.86,27,41.417763000000406,2.1875580000000157,3.72,1
241,20.33,19.97,19.74,19.45,17.7,11.73,4.19,2.26,3.64,6.22,8.04,7.5,5.93,4.21,3.95,6.59,6.25,7.71,7.17,7.62,12.56,14.95,16.98,19.01,33,41.41933699999958,2.1804819999999876,3.69,4
242,10.17,10.15,10.35,9.96,7.82,5.29,3.4,1.79,2.37,2.18,3.33,3.82,3.36,2.93,2.55,3.64,4.15,4.55,4.39,6.58,7.75,7.55,7.51,9.03,26,41.424450999999785,2.17728400000002,4.2,4
243,16.38,16.46,16.46,16.36,15.61,11.84,5.71,1.93,2.03,2.39,3.31,4.13,4.41,4.61,4.99,5.72,6.61,9.03,9.98,11.26,14.19,15.17,15.78,16.72,27,41.42393900000019,2.181297999999985,4.21,4
244,10.59,10.66,10.43,9.9,10.01,5.98,3.71,2.02,2.38,2.33,3.53,3.65,3.04,3.41,3.88,4.36,6.68,8.33,9.4,9.34,10.11,10.19,10.4,11.02,27,41.42689600000058,2.178511000000007,4.49,4
246,10.61,9.28,8.84,9.15,8.5,8.4,5.56,2.37,2.09,2.05,2.47,3.07,2.95,2.35,2.91,3.76,4.31,5.56,6.1,6.25,7.08,8.96,9.91,10.98,18,41.4228440000004,2.186637000000015,4.21,4
247,16.33,11.47,9.35,9.08,8.37,8.81,6.29,2.9,3.18,5.38,8.07,10.58,9.51,9.39,9.56,9.73,8.85,9.62,9.32,9.95,10.86,12.06,15.15,16.81,32,41.421991999999655,2.1848059999999845,4.08,4
248,23.45,23.61,23.64,23.54,23.6,21.91,17.91,12.02,9.84,9.37,10.03,11.03,14.12,15.13,15.61,15.72,16.47,18.58,20.02,22.35,22.53,22.48,22.93,23.99,27,41.41820799999941,2.190374000000016,3.86,1
249,24.25,24.14,24.08,23.77,23.69,20.69,10.76,4.58,2.24,2.47,3.09,4.72,7.0,7.48,10.39,12.05,14.0,16.68,18.96,20.48,21.89,22.69,22.77,23.38,27,41.4252159999997,2.1889969999999774,4.53,1
250,22.36,21.84,21.56,21.14,20.06,15.51,6.86,2.27,2.23,3.46,3.78,4.56,5.4,7.4,12.45,15.79,17.52,18.69,19.83,19.64,20.32,21.14,21.52,22.69,27,41.42590500000005,2.191150000000027,4.67,1
251,15.36,15.28,15.08,14.52,14.7,12.07,5.55,1.87,1.23,1.41,2.25,3.13,2.36,3.25,3.35,3.85,4.05,5.05,6.79,8.57,10.36,12.11,12.61,14.93,33,41.425405000000694,2.1852259999999966,4.45,4
252,29.6,29.61,29.48,28.94,27.91,24.14,17.66,12.18,9.14,8.47,8.49,10.1,12.66,17.26,19.13,20.05,22.25,24.66,25.89,26.95,28.03,29.06,29.93,30.18,33,41.42995299999976,2.19318500000001,5.15,1
253,25.18,25.19,25.26,25.22,24.56,23.42,21.6,18.91,17.85,17.65,17.72,18.71,19.81,21.45,22.33,21.93,22.14,22.15,22.77,24.03,24.89,24.81,25.09,25.32,27,41.429976999999795,2.1918209999999707,5.11,1
254,21.0,21.14,21.14,21.62,21.52,19.22,15.1,10.3,8.78,8.47,8.61,9.02,9.28,8.22,9.41,10.19,11.25,14.03,15.64,16.51,16.99,19.07,19.37,19.59,26,41.42998499999972,2.190162999999988,5.06,1
255,5.73,5.89,5.96,6.01,6.16,4.62,1.69,0.8,0.62,0.87,1.05,1.11,1.62,2.07,2.43,2.58,2.84,3.48,3.95,4.12,4.4,4.74,4.66,5.11,17,41.43118300000038,2.185852000000007,5.08,0
256,24.56,24.64,24.38,24.25,23.96,21.58,19.31,17.91,16.96,16.95,17.2,17.71,18.6,19.06,18.94,18.73,19.5,20.52,22.07,22.17,22.48,23.37,23.8,23.76,32,41.4360799999997,2.1895420000000096,5.69,1
257,13.94,14.06,14.11,14.07,13.87,12.36,9.34,7.81,7.53,7.8,7.92,7.03,6.46,7.07,8.1,9.25,9.57,10.22,10.26,10.12,11.39,12.27,12.57,12.63,24,41.433896999999796,2.189613999999972,5.46,4
258,20.94,20.87,20.55,20.76,20.42,19.91,20.33,20.06,19.82,19.51,19.67,19.68,20.36,21.19,21.82,21.87,22.34,21.59,20.69,20.01,20.03,20.51,20.76,20.86,27,41.44216700000023,2.193031999999979,6.42,3
259,16.67,16.97,17.32,17.39,16.88,14.69,10.29,7.71,6.23,5.17,5.75,6.87,8.45,8.82,7.96,7.79,8.52,9.59,11.27,13.21,14.99,15.5,16.26,17.54,24,41.439108999999824,2.185817999999991,5.93,4
260,15.1,14.42,14.62,15.06,15.54,16.14,16.43,16.34,17.02,17.32,17.53,17.76,16.8,16.42,16.82,16.13,16.3,17.1,17.38,16.51,15.47,15.3,15.42,15.23,25,41.435694700000454,2.1920247999999782,5.71,3
261,19.41,18.89,19.02,19.11,19.19,17.63,11.69,3.47,3.6,3.26,3.12,4.27,4.78,6.73,7.37,5.45,6.31,10.23,15.85,19.96,20.57,20.89,21.79,21.16,32,41.38220599999947,2.1606440000000284,0.95,1
262,24.16,24.73,24.84,24.96,23.95,19.19,7.06,2.04,1.72,2.04,3.39,4.81,4.97,6.06,7.82,8.51,11.96,15.75,17.66,18.48,20.14,21.26,22.46,25.1,32,41.379820999999644,2.1524959999999935,1.67,1
263,13.03,13.22,13.32,13.41,13.22,12.5,10.81,10.41,10.37,10.93,11.07,10.52,11.15,12.19,12.44,12.01,10.92,10.71,10.79,11.76,12.67,13.08,12.91,12.78,20,41.43781400000053,2.191039000000027,5.91,4
264,17.09,16.83,16.82,16.87,17.26,18.41,19.28,19.66,20.93,21.34,21.47,20.99,21.14,21.36,21.42,22.53,22.26,21.48,21.42,20.73,20.44,20.19,19.21,17.84,33,41.43994899999968,2.1970329999999842,6.3,3
265,2.07,1.98,2.01,1.85,1.64,0.97,0.58,1.11,1.56,2.35,2.03,3.02,3.62,3.09,2.77,2.48,3.55,3.71,4.44,4.7,6.0,5.84,4.3,2.26,27,41.385467000000055,2.158531999999988,0.98,0
266,6.22,6.45,6.49,6.19,5.47,4.69,3.16,2.5,1.9,1.62,1.37,1.33,1.04,1.82,3.72,5.75,6.0,4.98,5.29,6.81,7.21,7.78,7.71,7.81,24,41.42684100000035,2.1842380000000303,4.58,0
267,14.25,14.39,14.41,14.52,14.72,14.4,12.76,12.29,12.05,11.78,11.43,12.21,12.43,12.27,11.99,12.68,13.52,13.85,13.65,13.82,13.77,13.13,12.89,12.97,24,41.44339499999945,2.190622999999976,6.49,3
268,17.16,17.17,17.1,16.98,16.52,16.13,17.09,16.86,16.94,16.68,16.91,17.11,16.42,15.61,16.5,16.37,16.06,15.31,15.67,16.16,16.44,16.52,16.63,17.4,27,41.44570499999935,2.192892000000014,6.79,3
269,3.65,3.57,3.57,3.56,3.48,3.44,3.27,3.14,3.18,3.18,3.12,3.01,3.04,3.1,3.61,4.06,4.0,3.84,3.16,3.3,3.61,3.63,3.75,3.76,11,41.448128000000004,2.1928259999999833,7.05,0
270,5.48,5.65,5.84,5.87,5.74,5.1,3.5,2.85,2.77,2.91,2.81,2.66,3.47,4.54,4.68,3.85,3.3,3.45,3.84,4.44,4.04,3.97,4.5,5.04,13,41.44862799999936,2.1897599999999833,7.04,0
271,7.44,7.72,7.84,7.71,7.82,8.26,8.8,8.97,8.77,8.69,9.03,8.93,8.38,8.06,7.69,6.78,6.75,6.86,6.77,6.37,6.08,6.26,6.64,6.71,21,41.45063400000046,2.1923349999999764,7.31,4
272,6.71,6.91,6.99,7.05,7.7,6.79,4.32,2.53,2.15,2.03,1.99,2.29,2.5,3.01,2.96,2.99,2.68,3.16,3.57,3.82,4.27,4.92,5.25,6.82,20,41.43255900000051,2.1842639999999887,5.2,0
273,2.02,1.89,1.84,2.91,4.83,8.31,8.8,6.44,4.64,4.12,3.69,4.24,3.22,1.88,2.88,4.97,4.37,2.67,1.82,0.87,0.92,1.26,2.06,2.17,36,41.43040399999968,2.1833819999999986,4.95,0
274,8.38,8.25,8.29,7.84,7.78,7.12,5.91,4.74,5.14,5.01,4.67,4.7,3.81,3.68,4.65,4.73,4.97,6.43,8.22,7.15,5.59,5.56,6.51,7.77,31,41.430091999999576,2.1848979999999805,4.94,4
275,1.9,1.49,2.2,2.64,2.96,2.19,0.91,0.76,1.02,1.63,1.67,3.46,3.01,2.49,3.41,2.83,2.21,2.25,2.33,2.05,1.23,1.06,1.46,1.48,25,41.43069299999946,2.1822250000000127,4.96,0
276,11.88,13.05,14.08,15.1,15.52,7.87,1.88,1.28,2.31,2.25,3.3,3.58,2.61,1.37,2.06,2.99,3.33,4.34,3.43,5.92,7.4,7.5,8.45,10.74,25,41.412163000000604,2.1652750000000034,2.82,4
277,10.56,10.81,11.03,10.8,9.49,4.55,1.85,1.75,2.87,2.72,2.19,3.42,1.91,3.29,3.58,3.67,4.64,4.74,5.85,6.77,8.48,9.24,9.41,9.83,27,41.40828400000019,2.1690499999999857,2.36,4
278,11.89,12.13,12.4,12.65,12.31,7.19,2.44,1.46,1.16,1.77,2.02,2.92,2.28,2.49,2.64,4.1,4.54,3.87,5.66,8.91,9.72,8.6,9.26,11.12,27,41.40981499999989,2.1716209999999756,2.54,4
279,12.39,14.64,16.45,19.2,18.85,14.51,7.86,2.78,1.79,1.52,2.55,2.41,2.11,1.5,3.01,5.03,4.29,4.59,6.25,8.26,10.36,8.01,7.83,9.78,26,41.41595099999986,2.174563999999984,3.24,4
280,19.88,20.63,21.02,21.22,21.04,18.28,9.02,2.58,3.55,3.81,4.5,4.82,4.51,2.48,2.87,3.04,6.35,7.17,6.97,7.31,10.2,13.71,16.25,18.21,27,41.41398599999964,2.1778420000000347,3.07,4
281,11.2,11.51,12.32,13.57,13.88,9.48,2.83,1.23,1.06,1.28,1.53,1.58,1.73,1.39,1.33,3.79,4.32,4.16,5.97,6.27,6.44,6.57,7.07,9.21,24,41.41808799999956,2.1763129999999973,3.49,4
282,6.59,7.06,6.96,7.53,7.25,4.4,1.76,0.76,0.93,0.68,0.74,0.56,0.56,1.46,1.94,1.93,2.59,2.46,3.39,4.16,4.64,5.19,5.5,6.63,23,41.42756100000035,2.1660220000000305,4.52,0
283,2.18,2.71,2.82,2.79,2.41,1.68,1.2,0.7,0.64,0.73,0.9,1.01,0.74,0.94,0.84,1.08,1.12,1.51,1.84,1.48,1.87,1.98,1.76,1.7,12,41.42968000000027,2.1615699999999873,4.79,0
284,0.04,0.08,0.09,0.15,1.08,2.73,5.49,9.34,11.9,11.45,10.62,8.15,3.04,1.11,0.74,0.37,0.09,0.36,0.2,0.6,0.33,0.09,0.02,0.02,26,41.38950299999954,2.1314540000000104,3.24,0
285,10.32,10.26,10.17,10.19,9.97,8.06,5.19,3.87,3.71,3.56,3.55,3.76,4.26,5.31,5.53,5.54,5.53,5.81,6.7,7.95,8.89,9.28,9.69,10.25,23,41.43670800000026,2.1860590000000335,5.68,4
286,2.82,2.88,2.91,2.21,2.3,8.46,13.11,14.55,15.03,13.44,12.74,11.42,9.28,11.63,10.64,3.91,1.32,1.24,1.35,0.96,2.33,3.78,2.88,1.82,16,41.40310300000035,2.191428000000012,2.53,2
287,0.09,0.09,0.13,0.4,1.6,5.51,11.98,13.56,14.21,13.65,12.96,10.54,7.05,4.58,3.75,2.91,2.18,2.18,1.78,0.95,0.56,0.39,0.18,0.18,16,41.38917099999973,2.1681129999999684,0.29,0
288,4.02,4.02,4.02,4.31,4.44,2.33,1.4,3.43,3.5,2.9,3.85,4.01,3.15,2.34,1.93,2.1,3.55,6.35,6.24,5.09,4.68,3.92,3.83,4.15,25,41.4296360000005,2.1744869999999996,4.75,0
289,25.37,25.59,25.62,25.46,25.12,23.53,18.87,12.52,8.45,7.52,8.42,11.07,13.32,15.05,15.05,15.11,17.09,20.04,20.72,21.12,22.16,23.46,24.32,24.94,27,41.41682800000038,2.1910219999999807,3.75,1
290,2.93,3.39,3.37,3.36,3.39,2.17,0.82,0.25,0.25,0.28,0.31,0.42,0.54,0.96,0.52,0.5,0.52,0.83,0.94,1.02,1.36,2.0,2.54,2.61,13,41.43709400000053,2.1740469999999785,5.57,0
291,7.87,8.17,8.18,8.01,6.6,3.51,1.54,1.03,0.67,0.53,0.4,0.51,0.83,1.58,2.03,1.64,1.57,1.98,3.43,5.29,6.56,7.5,7.72,7.6,26,41.42589700000017,2.1750500000000352,4.34,0
292,5.36,5.38,5.37,4.97,4.43,2.14,0.47,0.29,0.35,0.69,0.5,0.42,0.8,1.5,1.09,1.18,1.76,1.98,1.8,2.56,3.75,4.03,4.46,5.24,12,41.430036000000534,2.1719740000000147,4.78,0
293,4.78,5.49,5.75,5.85,5.53,4.89,3.64,1.88,1.32,1.02,0.81,0.76,0.61,0.55,0.53,0.68,0.79,1.0,1.43,1.67,1.78,1.63,2.77,3.01,21,41.42838800000021,2.1631010000000197,4.63,0
294,4.93,5.28,5.34,5.3,5.18,4.43,2.97,2.48,2.15,1.85,2.12,2.67,2.45,1.32,0.93,1.68,1.57,1.76,2.11,2.33,2.18,2.54,3.41,3.63,19,41.43637300000025,2.1706779999999717,5.48,0
295,3.25,3.55,3.96,4.45,4.34,3.34,1.6,0.81,0.9,0.91,0.62,0.61,0.67,0.91,0.7,0.71,1.1,1.54,1.41,1.66,1.82,2.25,2.41,2.7,19,41.43345000000038,2.1714999999999884,5.16,0
296,4.32,4.34,4.39,4.43,4.34,4.17,3.97,4.37,5.14,4.84,3.45,3.43,3.88,2.32,1.51,2.76,4.62,4.6,5.11,5.97,6.64,5.42,3.81,4.09,29,41.43650500000046,2.183876999999999,5.62,0
297,6.07,6.14,6.37,6.38,4.61,2.28,0.77,0.75,0.65,1.1,1.17,1.73,2.09,1.54,1.52,2.04,3.27,4.18,4.37,4.45,5.41,5.35,5.09,5.44,21,41.438863999999796,2.1768219999999787,5.79,0
298,2.7,2.59,2.57,2.49,2.67,4.17,5.68,7.47,9.7,9.38,8.3,6.85,4.95,3.01,2.37,1.63,3.5,4.67,3.88,5.29,5.42,4.36,3.21,2.62,29,41.4346299999998,2.181747000000011,5.38,0
299,5.89,6.37,6.91,6.47,5.74,4.05,1.87,1.54,2.74,3.39,4.0,4.87,5.31,5.52,4.5,3.88,4.42,4.52,4.45,4.55,5.04,5.66,5.9,6.5,26,41.43396500000016,2.1751990000000165,5.23,0
300,8.57,8.68,8.73,8.3,7.0,4.31,1.31,0.76,2.09,2.92,3.58,4.31,4.36,3.97,3.34,2.67,2.46,3.22,3.65,4.21,5.3,5.81,6.57,7.67,18,41.43159300000029,2.1769090000000184,4.98,0
301,3.27,3.55,3.63,3.6,3.43,2.37,1.46,1.77,1.63,1.56,1.65,1.83,2.59,2.47,1.63,1.22,1.11,1.42,1.81,1.88,2.88,3.06,3.11,3.18,13,41.437053000000446,2.169644000000001,5.56,0
302,0.64,0.63,0.61,0.6,0.63,2.31,11.23,16.33,19.83,21.67,20.47,16.37,9.98,3.95,0.96,0.15,0.47,0.26,1.01,0.83,1.7,1.39,1.19,0.68,31,41.39065000000032,2.111615000000013,4.9,2
303,0.35,0.42,0.46,0.42,0.36,0.5,2.04,4.4,6.18,7.02,7.23,6.68,5.42,2.79,1.41,0.47,0.21,0.41,0.24,0.32,0.53,0.39,0.37,0.32,17,41.39334099999987,2.115076000000025,4.65,0
304,0.39,0.46,0.46,0.37,0.55,1.17,6.92,10.95,18.13,19.73,18.51,15.8,8.73,3.58,1.27,0.7,0.25,0.23,0.81,1.66,1.91,1.39,1.12,1.05,27,41.390208000000456,2.121028999999986,4.12,2
305,0.24,0.31,0.33,0.45,1.13,3.76,17.63,23.72,23.39,22.09,13.1,5.68,2.97,2.32,1.19,0.75,0.32,0.22,0.3,0.32,0.47,0.34,0.43,0.38,27,41.38749800000004,2.1236369999999845,3.88,2
306,0.29,0.31,0.22,0.24,0.6,2.35,6.8,12.05,17.67,19.3,17.26,11.45,4.14,1.29,0.86,0.42,0.35,0.61,1.03,1.07,1.27,0.97,0.52,0.29,30,41.385464999999606,2.1229120000000252,3.95,0
307,1.59,1.61,1.6,1.44,1.28,1.14,2.27,1.3,3.07,3.47,3.63,4.66,5.89,7.63,8.28,6.75,4.36,3.25,1.81,1.52,1.44,1.22,1.37,1.68,30,41.37913499999948,2.113505000000016,4.81,0
308,7.2,7.44,7.39,7.45,7.27,5.15,1.81,1.09,0.64,0.95,1.53,2.18,3.92,4.93,5.11,5.23,4.36,3.59,2.27,2.66,4.11,5.13,4.87,5.47,22,41.376788000000374,2.113863999999989,4.83,0
309,6.36,6.57,6.7,6.55,5.87,3.49,3.63,2.03,1.89,1.97,2.34,3.58,4.29,5.35,5.68,6.62,6.22,5.32,5.13,4.91,4.99,4.71,4.83,5.77,21,41.37673999999976,2.116972999999984,4.58,0
310,0.43,0.48,0.47,0.43,0.45,1.28,9.33,18.51,22.81,22.47,20.39,17.1,12.77,11.46,9.59,4.65,1.07,0.4,0.97,1.42,1.21,1.21,0.75,0.92,27,41.38122300000026,2.1190769999999985,4.31,2
311,0.0,0.0,0.0,0.0,0.0,0.0,0.0,0.0,0.0,0.0,0.0,0.0,0.0,0.0,0.0,0.0,0.0,0.0,0.0,0.0,0.0,0.0,0.0,0.0,0,41.37863799999939,2.120392999999989,4.26,0
312,7.44,7.67,7.64,7.54,6.99,5.7,2.14,1.18,1.81,2.66,2.04,2.71,5.57,7.35,6.32,3.52,2.07,1.72,2.15,3.64,5.41,5.63,5.14,6.68,19,41.37904599999928,2.1232529999999823,4.01,0
313,22.52,22.8,23.13,22.88,21.84,15.16,3.84,1.24,2.7,2.14,2.77,5.66,10.98,13.2,15.2,15.02,15.11,15.7,16.1,18.25,19.16,20.29,21.6,23.47,27,41.3753660000002,2.1298469999999927,3.6,1
314,15.78,16.16,16.45,15.98,13.8,9.1,3.52,1.38,1.3,1.51,2.02,2.85,5.44,7.21,6.24,5.03,4.9,3.88,4.35,7.1,10.49,12.79,14.17,15.65,24,41.37835999999966,2.1297369999999827,3.51,4
315,20.75,20.68,20.39,20.41,20.27,17.16,5.34,1.4,1.05,1.31,2.38,3.04,3.65,3.8,4.91,5.11,7.23,9.73,9.72,11.27,13.5,16.51,17.86,20.19,27,41.41561699999963,2.1819660000000227,3.33,4
316,22.67,22.13,22.48,23.17,23.43,21.75,20.21,16.33,13.35,11.79,10.58,9.2,10.2,12.53,13.81,14.29,14.73,17.07,19.61,20.82,18.97,20.52,21.6,22.29,26,41.42227429999939,2.198402900000015,4.58,1
317,21.82,21.98,22.25,22.29,22.62,22.35,19.77,17.76,17.72,17.24,16.45,16.61,17.95,19.29,19.99,18.88,18.05,18.73,20.78,22.36,21.99,21.75,21.38,21.79,27,41.42556600000063,2.2006930000000007,4.99,1
318,13.55,14.93,15.24,15.85,17.16,12.68,4.39,2.32,1.71,2.02,2.2,2.45,2.23,1.72,1.4,2.21,2.99,3.04,4.47,4.81,5.65,7.45,8.41,11.38,27,41.413405999999725,2.1713310000000083,2.93,4
319,0.38,0.38,0.26,0.53,0.73,1.28,2.39,5.75,7.73,6.96,5.21,3.48,1.71,0.71,0.61,1.03,0.74,0.66,0.72,0.9,0.83,0.92,0.47,0.31,26,41.39371300000042,2.145584000000021,2.18,0
320,12.7,13.64,15.61,16.09,15.79,12.05,4.77,1.48,2.37,2.33,1.23,1.02,1.57,1.32,0.93,0.94,0.75,0.61,0.52,1.64,1.96,1.5,6.3,9.95,22,41.401116000000094,2.147952999999982,2.42,4
321,14.27,15.11,15.87,17.62,17.27,12.99,5.09,1.57,1.02,1.12,1.01,1.08,1.38,1.57,1.15,1.32,0.92,0.68,0.85,0.72,1.11,1.55,4.51,7.09,24,41.40305399999954,2.144549000000019,2.78,4
322,10.02,14.36,17.14,18.09,18.34,16.96,12.27,7.31,4.3,3.15,2.53,1.6,1.18,0.67,0.58,0.46,0.25,0.27,0.56,1.02,0.9,0.75,1.94,4.54,24,41.40097700000028,2.1390699999999674,3.02,4
323,6.23,10.35,14.18,16.51,17.11,17.64,17.63,15.97,14.25,13.04,11.76,9.55,6.12,1.98,0.97,0.32,0.22,0.2,0.16,0.16,0.12,0.16,0.29,1.12,25,41.39799599999975,2.1387170000000233,2.89,4
324,1.6,5.2,8.31,13.07,14.75,14.55,13.75,11.57,10.3,9.02,8.07,6.31,3.75,1.57,1.07,0.74,0.59,0.31,0.33,0.33,0.57,0.74,0.53,0.42,23,41.39693800000061,2.1362579999999984,3.03,0
325,2.75,6.38,11.91,16.15,18.07,16.53,12.96,9.0,7.49,5.74,4.55,2.74,1.39,1.67,1.35,0.71,0.54,0.18,0.23,0.27,0.21,0.28,0.44,0.67,21,41.39492999999959,2.1303250000000173,3.44,0
326,10.84,11.87,14.86,16.16,17.8,14.96,8.56,3.72,2.12,1.51,1.19,1.0,0.87,0.92,0.67,0.82,0.66,0.58,0.74,1.73,2.05,2.06,6.37,9.45,24,41.407383999999354,2.1383000000000063,3.49,4
327,4.95,8.26,11.67,15.52,15.5,14.02,11.42,7.71,4.82,4.25,2.65,1.13,0.25,0.37,0.46,0.35,0.33,0.4,0.73,1.02,1.08,0.91,1.75,2.57,22,41.4049999999997,2.134530000000024,3.58,0
328,4.43,7.44,11.76,15.82,16.57,15.3,11.61,6.6,4.6,3.99,3.36,2.17,1.04,0.69,0.35,0.41,0.33,0.38,0.54,0.82,0.88,0.61,0.36,2.82,22,41.40293000000018,2.134270000000011,3.48,0
329,11.63,13.29,15.65,18.19,18.53,17.89,15.72,13.17,10.84,8.14,5.73,3.33,1.15,1.0,1.17,0.56,0.39,0.17,0.61,1.06,0.98,0.71,2.0,6.38,22,41.40287900000029,2.128541000000024,3.89,4
331,0.67,3.66,9.33,14.17,15.8,15.37,11.46,4.44,1.81,1.68,1.01,0.44,0.54,0.5,0.41,0.58,0.47,0.36,0.4,0.23,0.29,0.3,0.4,0.39,22,41.39705999999955,2.1280099999999824,3.69,0
332,7.53,12.79,16.36,18.46,19.87,20.27,20.15,17.8,15.18,14.65,12.93,10.48,5.08,1.85,0.87,0.38,0.25,0.29,0.26,0.31,0.35,0.41,0.6,1.9,25,41.399822033232255,2.128089978851956,3.79,4
333,6.62,15.59,19.41,20.99,20.65,18.3,11.51,3.64,1.72,1.38,1.24,0.99,0.67,0.71,0.6,0.44,0.37,0.28,0.33,0.48,0.57,0.6,0.75,1.37,24,41.39563199999981,2.1251059999999766,3.88,4
334,11.91,18.14,19.61,19.78,19.74,18.51,14.88,8.89,6.37,5.03,4.18,2.49,0.99,0.69,0.79,0.59,0.52,0.31,0.36,0.54,0.44,0.55,0.34,1.45,24,41.400721999999526,2.1232680000000324,4.2,4
335,2.31,6.55,12.08,17.66,20.24,19.06,15.47,10.42,7.01,5.54,4.78,4.01,3.15,2.4,1.26,0.61,0.37,0.22,0.26,0.5,0.65,0.61,0.64,0.72,22,41.39363900000063,2.123223999999999,3.98,0
336,5.58,13.04,18.25,19.43,19.74,18.8,16.47,12.27,9.76,8.17,7.18,6.29,5.16,3.3,1.47,0.68,0.3,0.36,0.23,0.45,0.3,0.29,0.28,1.61,21,41.395273999999624,2.120973000000029,4.21,4
337,8.47,14.73,19.69,19.75,19.6,19.24,16.83,10.35,7.34,6.2,5.4,4.94,3.72,2.15,1.76,0.99,0.6,0.45,0.41,0.43,0.19,0.24,0.22,1.58,23,41.398719000000455,2.120421999999979,4.35,4
338,15.2,18.81,18.89,18.95,19.36,19.62,17.87,14.93,13.04,11.86,10.33,9.22,6.78,3.74,2.64,1.06,0.45,0.33,0.13,0.21,0.06,0.02,0.64,2.85,22,41.3975720000006,2.119506000000001,4.39,4
339,18.63,18.15,16.37,14.87,10.38,6.36,6.23,5.54,8.04,10.93,13.32,15.46,19.03,21.11,20.73,21.65,21.89,20.85,19.64,20.45,22.64,22.63,20.52,19.18,27,41.4016620000002,2.205277000000019,3.37,3
340,20.12,20.14,20.17,19.99,20.03,19.65,18.54,18.07,17.56,17.37,17.63,18.43,19.46,19.6,18.6,17.4,17.21,17.75,17.41,17.99,19.27,19.5,20.06,20.26,24,41.43619000000029,2.204572999999986,6.18,3
341,20.33,20.4,20.52,20.5,20.23,20.2,19.82,18.81,18.06,17.74,17.56,17.78,17.71,17.97,17.76,17.38,17.57,18.61,18.81,19.78,20.41,20.73,20.66,21.14,27,41.433958000000416,2.206165999999999,6.03,3
342,3.1,3.9,2.84,2.79,5.49,14.7,21.95,23.77,24.14,21.46,18.22,14.46,13.82,15.41,16.55,9.79,3.51,1.59,1.63,2.0,3.31,3.05,2.07,2.02,27,41.40350200000021,2.193702000000015,2.7,2
343,18.27,18.31,18.31,18.76,19.84,21.78,22.97,22.04,21.76,21.51,21.02,20.17,20.64,21.82,19.93,18.89,18.83,19.95,21.34,21.71,21.53,20.82,19.75,19.13,27,41.43888599999992,2.1995979999999875,6.27,3
344,16.88,16.96,16.97,16.83,17.02,16.94,20.53,23.09,23.52,23.75,22.99,20.93,18.37,19.11,20.25,20.27,19.04,18.51,18.23,18.23,17.92,17.83,17.26,16.5,27,41.443126999999656,2.199538000000011,6.7,3
345,27.63,26.16,25.45,24.66,24.12,19.23,11.02,5.8,5.32,5.15,6.12,7.87,10.5,15.84,19.11,20.91,21.83,23.26,25.29,25.89,27.6,28.39,28.93,28.41,32,41.36309299999994,2.139771000000028,3.67,1
346,32.21,31.49,29.66,29.07,28.13,25.34,23.58,23.54,23.28,23.48,23.79,23.77,25.23,27.18,28.36,28.62,28.18,27.62,27.97,29.46,31.9,32.65,33.41,33.03,36,41.36065400000006,2.139132000000014,3.91,1
347,12.59,10.08,9.08,8.78,8.02,8.31,11.18,17.01,18.78,18.61,18.29,18.07,17.86,18.48,19.49,19.53,18.23,16.02,16.54,18.64,20.98,22.23,23.27,20.12,28,41.35949600000013,2.141820000000032,3.86,3
348,9.42,7.91,6.53,5.32,5.66,8.5,20.4,27.27,28.35,27.87,26.32,22.64,18.56,16.47,15.75,13.04,9.01,6.83,4.89,6.02,6.91,8.07,8.74,8.63,33,41.357067000000555,2.1415629999999837,4.09,2
349,12.47,9.32,7.73,7.06,7.52,8.82,16.2,24.23,24.92,23.42,20.07,16.76,14.52,13.8,13.48,11.5,6.96,6.34,9.57,15.02,17.14,17.51,18.06,16.6,33,41.357338000000546,2.1371719999999805,4.29,3
350,0.31,0.33,1.76,4.2,5.8,5.37,3.14,1.65,1.92,2.17,1.65,1.2,0.65,0.68,1.61,2.0,1.72,1.86,2.95,2.06,2.1,1.34,0.63,0.39,30,41.39183300000047,2.148120000000001,1.91,0
351,16.57,10.67,7.86,6.59,6.79,6.17,11.46,17.63,20.18,20.53,21.14,20.67,18.49,19.39,20.23,17.54,10.13,7.36,6.95,9.42,11.84,14.4,16.67,19.75,33,41.36213499999962,2.1356370000000107,3.99,3
352,11.14,6.93,5.61,4.87,5.18,6.86,16.66,22.49,21.4,19.43,17.32,13.02,10.07,11.13,12.46,9.25,4.52,3.19,4.18,6.75,8.22,10.0,11.84,13.95,28,41.36334999999969,2.1341440000000245,3.99,2
353,19.81,19.9,19.95,19.59,18.1,12.5,4.72,2.0,1.43,1.25,2.1,4.34,6.82,8.39,8.36,8.35,7.83,6.14,7.87,10.33,14.44,16.96,18.71,20.89,31,41.37541399999935,2.1231909999999847,4.13,4
354,20.28,20.04,20.84,21.06,20.19,16.62,6.28,2.08,3.16,5.58,5.8,7.05,11.49,15.6,17.05,16.32,16.78,17.22,19.32,19.68,19.81,20.69,21.45,21.75,27,41.37591999999961,2.1300799999999853,3.56,1
356,14.01,15.68,16.68,17.9,16.87,8.02,1.91,0.8,0.95,0.43,0.69,1.84,1.3,0.65,0.61,1.97,2.37,3.35,4.25,4.68,6.98,8.13,9.36,11.38,27,41.41342499999969,2.163410999999997,2.99,4
357,12.51,14.86,17.44,18.88,18.34,11.57,2.56,0.3,0.23,0.35,1.24,2.42,2.04,1.11,0.75,0.97,0.96,0.91,1.28,1.98,2.68,3.02,4.54,8.76,27,41.41061500000043,2.1579870000000287,2.81,4
358,18.68,18.88,18.95,17.74,17.06,13.11,9.62,10.18,13.91,17.16,18.33,17.55,17.08,17.89,18.63,19.06,19.25,19.68,20.45,20.68,20.25,19.79,18.92,18.08,26,41.3872249999996,2.1792700000000123,0.77,3
359,10.88,10.63,10.67,10.63,9.57,6.73,4.46,12.01,19.34,19.75,18.5,16.23,15.67,17.15,14.43,13.3,11.28,11.46,13.62,13.22,13.02,13.41,12.2,11.77,26,41.39002099999951,2.1775720000000343,0.71,3
360,4.6,4.41,4.44,4.58,4.39,5.69,8.34,9.86,11.36,9.7,9.86,12.16,8.47,4.02,2.91,2.75,2.55,2.09,4.36,5.34,5.72,6.41,5.94,5.19,30,41.3952129999998,2.172984000000026,0.94,0
361,12.94,9.19,6.01,4.43,3.76,8.07,21.18,28.41,29.31,29.08,28.77,26.34,24.13,20.54,20.36,21.17,18.31,15.84,16.77,17.63,17.46,17.63,17.28,16.38,33,41.37629200000056,2.178552999999981,1.39,3
362,3.69,3.76,4.03,4.28,4.75,4.68,3.54,2.49,1.66,2.33,5.41,6.22,5.69,4.11,3.63,4.0,4.29,3.74,4.71,5.31,5.56,5.83,3.83,1.69,31,41.39700599999949,2.1705699999999983,1.11,0
363,2.98,3.17,3.23,3.24,4.09,4.72,9.08,14.99,18.64,19.81,19.9,19.33,19.31,19.19,16.15,14.18,12.92,10.32,7.84,6.07,4.94,4.03,3.11,2.27,24,41.390759999999474,2.1744000000000256,0.55,2
364,0.28,0.23,0.34,0.71,4.06,12.17,19.53,23.56,25.04,22.34,19.65,14.6,5.39,1.75,1.85,2.06,1.91,2.1,1.47,1.28,1.19,0.66,0.33,0.46,33,41.393240000000375,2.163430000000001,0.89,2
365,5.95,6.06,6.03,5.45,4.95,4.97,2.31,1.64,1.46,0.89,1.75,2.27,2.01,1.29,2.27,2.94,2.99,2.45,4.27,5.58,5.9,4.26,3.21,3.25,25,41.387499000000325,2.1470200000000297,1.93,0
367,2.33,2.84,3.67,4.65,4.19,3.71,2.16,1.14,1.86,2.05,1.68,1.69,1.78,1.07,0.65,0.76,0.7,0.76,1.38,0.88,1.23,1.74,1.15,1.35,18,41.38505699999971,2.137330999999982,2.75,0
368,19.87,20.79,21.27,20.98,19.3,11.55,3.58,3.54,5.09,6.41,6.01,8.51,10.91,8.75,5.84,4.78,3.28,5.2,7.7,11.92,15.71,17.64,18.64,18.86,28,41.39681500000005,2.1757139999999864,1.19,4
369,18.29,18.32,18.3,18.67,18.33,13.49,4.13,1.04,1.98,5.29,4.68,6.43,9.67,12.04,10.63,7.52,7.15,5.84,7.57,9.01,12.42,13.91,15.31,17.24,27,41.40016800000011,2.177948000000011,1.6,4
370,11.97,12.66,13.07,13.2,14.01,10.37,2.76,1.64,1.55,1.72,2.85,4.97,5.25,5.77,3.8,4.07,4.43,3.58,6.75,8.29,7.81,8.28,8.7,10.22,30,41.403770000000534,2.1728639999999713,1.88,4
371,28.84,29.15,29.13,28.84,27.17,21.84,7.53,4.5,4.81,5.57,8.57,14.51,20.55,25.15,25.41,25.19,24.98,23.54,24.3,25.8,25.28,25.97,27.45,28.68,32,41.40402700000029,2.181264000000035,2.11,1
372,24.01,24.4,24.62,24.45,23.95,20.67,15.67,13.94,15.31,13.65,12.46,13.57,17.15,20.5,19.46,17.65,15.4,12.2,11.86,14.86,16.3,18.77,20.9,22.06,27,41.4001669999998,2.18436199999998,1.89,1
373,24.78,25.78,24.93,25.63,24.17,19.23,8.24,3.86,5.89,7.08,4.76,5.53,9.94,13.5,14.17,17.72,22.42,25.59,24.13,25.69,24.85,24.0,24.71,25.98,30,41.3750729999995,2.1613050000000182,1.51,1
374,0.09,0.13,0.15,0.42,0.86,1.97,4.7,9.49,12.4,10.76,8.79,6.43,2.47,1.14,1.63,1.17,1.28,1.16,1.36,1.03,1.13,0.59,0.21,0.76,33,41.395000000000366,2.1612299999999944,1.15,0
375,2.01,1.21,0.59,0.51,0.66,5.33,19.8,23.13,20.48,18.19,17.63,15.16,14.51,11.81,5.51,1.91,0.57,0.25,0.76,0.7,0.59,0.57,0.51,0.56,27,41.37215400000037,2.1807009999999996,1.88,2
376,1.22,1.09,0.6,0.36,0.96,7.42,20.98,24.74,21.33,18.54,16.7,13.76,13.11,12.01,7.78,2.24,0.5,0.88,1.11,0.44,0.27,0.23,0.22,0.21,27,41.37166300000064,2.1803019999999873,1.91,2
377,18.16,17.93,16.84,15.34,15.62,16.24,16.76,17.69,19.26,20.13,20.32,20.3,20.59,20.74,20.24,19.74,19.27,19.12,19.05,18.63,18.69,18.34,18.26,18.2,29,41.377469999999654,2.1837370000000034,1.56,3
378,12.73,12.59,12.2,11.97,11.58,10.91,9.82,11.32,14.17,15.62,15.75,15.5,16.08,15.8,14.96,16.47,18.18,17.36,16.66,14.54,14.27,14.0,14.18,13.81,21,41.37851600000045,2.176716000000003,1.1,3
380,9.96,7.82,6.2,3.5,3.11,3.72,7.95,14.99,18.14,19.76,20.47,20.27,19.85,19.65,19.78,18.65,17.98,18.27,18.23,17.08,16.12,14.67,13.91,12.48,24,41.38546299999959,2.174252000000019,0.39,3
381,24.85,24.79,25.08,25.17,24.24,22.18,17.33,8.31,4.1,4.02,5.12,6.68,7.49,10.22,12.16,13.66,13.18,15.45,18.13,21.86,24.69,25.21,25.71,26.17,33,41.38168600000041,2.1678159999999798,0.62,1
382,18.7,18.31,17.96,16.43,11.79,8.02,6.22,7.59,8.88,8.73,9.9,11.81,14.28,15.32,17.2,16.68,13.75,10.53,11.36,14.59,17.45,19.3,19.35,19.25,27,41.40393799999968,2.2041879999999923,3.42,1
384,10.32,10.76,10.8,11.07,12.0,7.74,2.86,0.93,0.78,0.88,1.26,3.53,4.71,3.85,4.23,3.43,2.68,2.58,3.6,5.15,6.15,7.81,9.55,11.38,24,41.380708000000375,2.1467929999999704,2.07,4
385,1.88,1.88,1.86,1.85,2.33,1.42,1.2,1.22,2.53,3.33,2.66,2.86,2.33,1.17,1.38,1.56,2.0,2.95,3.83,4.83,6.15,5.12,3.09,1.14,27,41.387977999999706,2.1552659999999872,1.24,0
386,19.91,20.06,20.28,19.91,19.24,14.61,5.54,2.49,2.47,2.37,3.0,3.35,4.86,7.19,8.07,9.89,11.59,13.97,17.43,18.29,19.96,19.57,20.41,21.28,24,41.375086,2.156848000000016,1.72,1
387,20.14,20.17,20.55,20.44,20.6,19.24,11.52,3.32,3.01,5.33,9.39,10.71,13.99,14.79,13.5,12.17,13.67,13.61,14.57,15.84,18.29,20.0,20.55,20.96,27,41.395796000000445,2.1787839999999696,1.22,1
388,23.47,23.76,23.62,22.75,21.28,16.82,7.45,1.54,1.24,2.05,2.99,3.43,6.46,10.02,11.46,14.05,18.59,19.62,20.32,22.23,22.37,23.25,24.3,24.06,27,41.38059300000061,2.1674179999999983,0.75,1
389,14.39,14.39,14.39,11.58,9.78,10.52,14.6,17.73,18.85,19.45,19.53,19.83,18.98,17.02,15.77,15.9,14.47,14.0,14.29,14.12,14.16,14.12,14.13,13.86,27,41.38738999999988,2.1875,1.46,3
390,15.62,14.73,13.81,13.8,12.63,9.65,5.75,5.74,10.14,12.92,13.99,16.16,17.16,18.77,17.7,17.12,18.55,18.91,18.77,18.05,18.34,18.43,18.0,16.36,25,41.38695500000068,2.181949999999981,1.0,3
391,24.98,25.05,25.13,25.26,25.12,23.67,21.59,11.24,6.94,6.34,6.6,7.48,7.63,8.81,10.4,12.69,14.57,16.39,19.51,21.49,22.69,24.17,24.98,24.94,27,41.42287299999973,2.1912039999999857,4.36,1
392,7.34,6.53,5.68,5.22,5.03,4.23,7.91,13.9,15.96,15.67,15.46,14.77,15.39,15.25,14.6,12.84,7.29,4.92,2.97,4.32,7.75,9.12,10.33,9.68,18,41.3905950000005,2.190681000000024,1.77,2
393,8.73,8.74,8.36,7.16,5.41,7.96,20.12,26.67,26.89,24.71,23.14,22.37,19.56,17.29,18.54,15.96,6.26,2.85,3.59,4.5,6.22,8.74,8.57,8.52,32,41.402176999999945,2.1976529999999657,2.86,2
394,1.12,1.09,1.09,0.95,0.78,1.15,5.73,11.7,17.62,19.95,21.3,18.08,11.36,5.86,3.77,3.15,2.65,2.51,3.54,3.36,3.44,2.96,2.13,1.4,27,41.38715099999981,2.1628379999999807,0.6,2
395,0.43,0.44,0.54,0.87,2.2,12.32,24.6,24.67,25.79,26.79,25.92,24.09,19.46,16.26,16.0,13.12,9.52,6.3,4.67,1.64,1.11,0.93,0.83,0.61,33,41.38600900000058,2.170211999999993,0.11,2
396,8.03,7.44,5.62,5.02,5.0,4.73,5.4,21.26,25.7,23.34,23.29,21.75,22.68,24.11,24.08,23.71,20.21,15.87,14.41,16.95,17.84,17.59,15.34,12.03,32,41.389028000000394,2.1968440000000355,2.25,3
397,4.11,3.76,3.27,3.16,3.42,4.67,11.14,22.79,25.23,24.01,24.06,23.0,22.11,21.09,18.06,16.42,11.96,9.43,12.5,13.0,12.08,10.69,8.02,6.42,27,41.388893999999766,2.199333999999983,2.46,2
398,20.95,18.32,11.78,8.91,7.8,5.86,10.9,12.5,17.53,21.3,21.15,21.07,20.7,19.29,20.16,21.61,23.91,24.58,24.69,24.36,24.09,24.42,24.64,24.38,27,41.38101100000043,2.1935020000000156,2.07,3
400,0.19,0.22,0.4,2.51,5.99,11.04,22.29,26.16,25.04,23.7,22.51,21.6,21.03,19.95,19.04,14.39,6.55,3.85,3.78,2.32,1.86,0.97,0.55,0.43,28,41.369579999999566,2.1880169999999657,2.45,2
401,10.78,10.28,8.62,7.32,6.45,8.96,9.45,14.51,18.26,20.14,20.92,19.58,17.77,16.16,16.96,18.01,19.07,20.64,20.94,21.0,21.02,20.33,18.23,13.58,24,41.381240999999406,2.1818379999999857,1.18,3
402,11.26,9.14,6.46,4.83,4.14,4.06,4.68,11.02,17.0,19.22,20.2,20.62,20.5,21.05,21.81,22.31,22.29,21.79,22.58,22.83,23.03,22.52,21.21,17.37,27,41.380704999999644,2.1824149999999927,1.25,3
404,17.43,12.47,6.75,4.39,4.1,6.13,19.82,22.78,20.14,19.02,18.05,16.38,15.48,10.8,9.77,8.6,5.07,4.2,8.23,13.58,19.79,23.04,24.6,24.09,32,41.36537400000061,2.1330869999999953,3.92,3
405,8.52,8.78,8.69,8.33,7.7,4.32,1.6,0.69,0.61,0.6,1.06,2.69,2.85,1.73,1.92,2.39,2.39,2.96,1.98,3.08,5.06,5.58,6.3,7.27,26,41.38551000000006,2.1520000000000246,1.52,0
406,0.51,0.45,0.44,1.37,1.3,4.78,13.58,24.15,27.04,25.87,23.34,19.13,14.74,12.95,11.13,9.93,6.0,4.79,4.65,3.23,3.14,2.38,1.68,1.59,33,41.38651200000013,2.1645969999999743,0.46,2
408,5.81,3.75,2.84,2.72,2.65,2.95,9.46,27.07,32.68,35.14,34.71,31.47,29.47,29.87,30.57,28.55,25.56,19.42,11.13,7.65,7.13,7.03,6.67,6.41,39,41.38898799999966,2.1922830000000135,1.87,2
409,13.88,14.05,13.36,10.96,10.84,8.48,11.69,19.88,23.14,23.12,21.54,20.14,17.22,15.87,17.39,15.76,11.01,8.44,8.25,10.77,13.48,15.15,15.5,14.38,27,41.39227200000014,2.1925559999999833,1.97,3
410,15.97,11.94,9.07,5.58,4.76,4.91,10.64,24.75,28.65,28.49,28.51,28.57,27.11,24.57,24.54,24.79,23.65,22.52,22.34,22.26,22.15,22.66,21.89,20.6,33,41.37643300000039,2.178709999999986,1.38,3
412,0.88,0.73,0.6,1.1,1.44,2.84,7.13,17.28,23.12,23.25,22.48,20.84,15.49,12.61,11.79,11.73,9.86,8.25,7.65,4.78,3.12,2.66,1.69,0.89,27,41.3890119999997,2.1726670000000277,0.31,2
413,2.63,2.4,2.27,2.25,2.46,3.14,11.51,19.15,22.6,22.53,21.41,18.36,15.58,9.91,7.36,4.88,3.39,2.81,2.31,2.4,2.16,2.69,2.07,1.06,32,41.39351199999962,2.1707180000000132,0.72,2
414,6.01,6.5,6.73,6.88,7.04,7.37,6.74,7.34,10.95,12.45,12.96,13.56,12.2,12.08,12.72,16.12,17.81,15.36,12.53,12.47,10.83,9.0,7.58,5.54,33,41.39374400000061,2.1764510000000237,0.92,3
415,22.98,22.94,23.11,23.03,21.32,18.2,11.06,3.73,1.71,1.63,1.88,3.07,5.24,6.98,11.1,15.59,17.89,16.5,17.72,21.06,22.26,23.11,23.31,21.92,25,41.37937400000009,2.168920999999974,0.85,1
416,24.5,24.9,24.7,24.49,24.44,22.52,18.94,12.93,9.14,6.07,4.1,3.97,5.43,6.1,9.04,13.18,18.47,20.55,21.45,22.86,23.79,24.65,25.17,24.47,27,41.37813399999956,2.169650000000028,0.99,1
418,15.44,14.36,13.47,13.59,13.95,10.87,6.44,3.62,7.79,11.81,13.97,14.32,11.42,12.17,13.71,15.09,18.04,20.01,20.46,19.85,18.4,19.0,18.34,16.39,27,41.390942999999545,2.180250999999999,0.96,3
419,23.82,23.63,23.55,23.5,23.34,23.86,19.74,12.19,9.12,10.6,13.54,16.5,19.25,20.94,23.3,26.23,27.35,28.23,28.07,26.79,24.25,24.03,23.53,23.73,33,41.3912989999998,2.1808280000000155,1.02,1
420,5.74,5.73,5.65,6.48,6.69,5.79,5.2,2.65,2.35,2.11,1.26,2.44,2.72,1.89,2.77,4.49,2.97,3.15,4.4,5.3,4.98,4.29,5.17,5.93,27,41.374212999999415,2.148081999999994,2.32,0
421,5.0,5.41,5.87,6.63,8.59,11.5,4.06,4.02,2.83,2.73,4.88,7.28,7.2,7.35,8.52,9.54,9.08,7.08,8.41,9.71,8.45,7.64,6.29,4.89,33,41.37803100000018,2.1391240000000216,2.77,4
423,26.59,26.41,26.42,26.47,26.38,24.81,19.92,14.84,14.34,15.45,16.95,19.07,20.66,19.89,20.19,20.49,20.65,19.45,21.89,24.36,24.61,24.61,25.78,27.47,32,41.420201000000546,2.1895320000000202,4.03,1
424,22.45,21.41,18.68,15.32,13.6,10.81,6.81,5.11,8.74,11.89,12.07,13.52,15.56,16.98,17.82,19.71,22.04,22.98,23.14,23.62,24.27,25.04,25.91,25.24,27,41.379632000000115,2.1926619999999915,2.06,1
425,0.0,0.0,0.0,0.0,0.0,0.0,0.0,0.0,0.0,0.0,0.0,0.0,0.0,0.0,0.0,0.0,0.0,0.0,0.0,0.0,0.0,0.0,0.0,0.0,0,41.376520000000546,2.1748999999999836,1.23,0
426,22.61,24.23,24.32,24.22,24.09,19.84,9.31,6.45,9.79,12.22,13.82,14.76,17.02,22.46,21.12,19.3,17.49,17.01,16.54,16.09,15.33,18.03,19.65,21.02,33,41.39830499999967,2.1830230000000292,1.66,1
427,16.43,15.66,15.58,14.61,14.94,12.93,9.2,3.19,2.19,2.66,3.48,5.62,8.91,9.65,11.1,13.04,14.95,15.46,15.72,17.02,17.44,18.22,18.17,18.28,20,41.37533600000015,2.16800699999999,1.31,1
428,6.88,6.87,6.96,7.06,7.18,8.66,14.89,21.63,23.37,23.09,21.73,18.44,15.21,13.68,11.92,10.7,6.54,3.33,2.81,3.52,4.11,5.09,6.61,6.84,27,41.39838900000069,2.1962610000000304,2.53,2
492,1.97,2.09,2.26,2.64,2.8,3.05,2.77,3.52,5.09,5.67,5.67,5.68,5.19,4.9,4.0,3.89,3.48,4.4,3.72,3.58,3.73,3.56,2.65,1.37,24,41.39442480000045,2.175102599999966,0.93,0
494,0.02,0.12,0.11,0.05,0.38,3.2,11.21,19.27,20.88,20.63,20.35,19.61,16.2,10.94,7.17,4.27,2.2,1.77,1.26,0.65,0.45,0.29,0.15,0.1,24,41.389670299999395,2.1654279000000014,0.49,2
495,0.88,0.89,0.92,1.08,1.8,2.83,3.46,3.08,3.42,3.05,2.56,2.21,1.5,1.34,1.98,2.18,3.2,5.41,7.18,5.2,2.93,1.99,1.43,1.39,24,41.376708100000336,2.1483946999999914,2.14,0
496,11.27,11.82,12.18,12.25,12.0,9.51,3.26,0.66,0.61,0.65,1.33,2.94,2.78,2.88,2.53,2.96,5.33,6.81,8.74,9.41,9.38,9.16,9.46,10.49,18,41.40483899999974,2.1748199999999738,2.02,4
