,0,1,2,3,4,5
0,2019-08-10 00:38:41.393701,496,3,15,41.404839,2.17482
1,2019-08-10 00:38:41.393701,495,6,18,41.3767081,2.1483947
2,2019-08-10 00:38:41.393701,494,1,22,41.3896703,2.1654279
3,2019-08-10 00:38:41.393701,492,1,23,41.3944248,2.1751026
4,2019-08-10 00:38:41.393701,428,3,23,41.398389,2.196261
5,2019-08-10 00:38:41.393701,427,19,0,41.375336,2.168007
6,2019-08-10 00:38:41.393701,426,19,11,41.398305,2.183023
7,2019-08-10 00:38:41.393701,425,18,8,41.37652,2.1749
8,2019-08-10 00:38:41.393701,424,22,5,41.379632,2.192662
9,2019-08-10 00:38:41.393701,423,21,11,41.420201,2.189532
10,2019-08-10 00:38:41.393701,421,5,26,41.378031,2.139124
11,2019-08-10 00:38:41.393701,420,8,19,41.374213,2.148082
12,2019-08-10 00:38:41.393701,419,29,3,41.391299,2.180828
13,2019-08-10 00:38:41.393701,418,17,7,41.390943,2.180251
14,2019-08-10 00:38:41.393701,416,27,0,41.378134,2.16965
15,2019-08-10 00:38:41.393701,415,24,1,41.379374,2.168921
16,2019-08-10 00:38:41.393701,414,10,23,41.393744,2.176451
17,2019-08-10 00:38:41.393701,413,9,22,41.393512,2.170718
18,2019-08-10 00:38:41.393701,412,12,15,41.389012,2.172667
19,2019-08-10 00:38:41.393701,410,31,2,41.376433,2.17871
20,2019-08-10 00:38:41.393701,409,2,25,41.392272,2.192556
21,2019-08-10 00:38:41.393701,408,6,32,41.388988,2.192283
22,2019-08-10 00:38:41.393701,406,3,30,41.386512,2.164597
23,2019-08-10 00:38:41.393701,405,1,25,41.38551,2.152
24,2019-08-10 00:38:41.393701,404,19,13,41.365374,2.133087
25,2019-08-10 00:38:41.393701,402,25,1,41.380705,2.182415
26,2019-08-10 00:38:41.393701,401,22,0,41.381241,2.181838
27,2019-08-10 00:38:41.393701,400,0,28,41.36958,2.188017
28,2019-08-10 00:38:41.393701,398,14,10,41.381011,2.193502
29,2019-08-10 00:38:41.393701,397,0,26,41.388894,2.199334
30,2019-08-10 00:38:41.393701,396,21,10,41.389028,2.196844
31,2019-08-10 00:38:41.393701,395,15,18,41.386009,2.170212
32,2019-08-10 00:38:41.393701,394,23,2,41.387151,2.162838
33,2019-08-10 00:38:41.393701,393,0,32,41.402177,2.197653
34,2019-08-10 00:38:41.393701,392,7,12,41.390595,2.190681
35,2019-08-10 00:38:41.393701,391,15,9,41.422873,2.191204
36,2019-08-10 00:38:41.393701,390,22,1,41.386955,2.18195
37,2019-08-10 00:38:41.393701,389,9,18,41.38739,2.1875
38,2019-08-10 00:38:41.393701,388,25,1,41.380593,2.167418
39,2019-08-10 00:38:41.393701,387,20,4,41.395796,2.178784
40,2019-08-10 00:38:41.393701,386,22,2,41.375086,2.156848
41,2019-08-10 00:38:41.393701,385,14,15,41.387978,2.155266
42,2019-08-10 00:38:41.393701,384,7,19,41.380708,2.146793
43,2019-08-10 00:38:41.393701,382,11,16,41.403938,2.204188
44,2019-08-10 00:38:41.393701,381,14,17,41.381686,2.167816
45,2019-08-10 00:38:41.393701,380,22,1,41.385463,2.174252
46,2019-08-10 00:38:41.393701,378,17,0,41.378516,2.176716
47,2019-08-10 00:38:41.393701,377,20,7,41.37747,2.183737
48,2019-08-10 00:38:41.393701,376,1,25,41.371663,2.180302
49,2019-08-10 00:38:41.393701,375,0,27,41.372154,2.180701
50,2019-08-10 00:38:41.393701,374,2,29,41.395,2.16123
51,2019-08-10 00:38:41.393701,373,29,1,41.375073,2.161305
52,2019-08-10 00:38:41.393701,372,14,12,41.400167,2.184362
53,2019-08-10 00:38:41.393701,371,30,1,41.404027,2.181264
54,2019-08-10 00:38:41.393701,370,9,18,41.40377,2.172864
55,2019-08-10 00:38:41.393701,369,15,8,41.400168,2.177948
56,2019-08-10 00:38:41.393701,368,7,17,41.396815,2.175714
57,2019-08-10 00:38:41.393701,367,0,29,41.385057,2.137331
58,2019-08-10 00:38:41.393701,365,14,17,41.387499,2.14702
59,2019-08-10 00:38:41.393701,364,2,31,41.39324,2.16343
60,2019-08-10 00:38:41.393701,363,11,13,41.39076,2.1744
61,2019-08-10 00:38:41.393701,362,2,27,41.397006,2.17057
62,2019-08-10 00:38:41.393701,361,30,1,41.376292,2.178553
63,2019-08-10 00:38:41.393701,360,7,20,41.395213,2.172984
64,2019-08-10 00:38:41.393701,359,19,3,41.390021,2.177572
65,2019-08-10 00:38:41.393701,358,23,2,41.387225,2.17927
66,2019-08-10 00:38:41.393701,357,7,19,41.410615,2.157987
67,2019-08-10 00:38:41.393701,356,17,8,41.413425,2.163411
68,2019-08-10 00:38:41.393701,354,26,1,41.37592,2.13008
69,2019-08-10 00:38:41.393701,353,9,22,41.375414,2.123191
70,2019-08-10 00:38:41.393701,352,10,18,41.36335,2.134144
71,2019-08-10 00:38:41.393701,351,16,16,41.362135,2.135637
72,2019-08-10 00:38:41.393701,350,1,28,41.391833,2.14812
73,2019-08-10 00:38:41.393701,349,12,20,41.357338,2.137172
74,2019-08-10 00:38:41.393701,348,24,9,41.357067,2.141563
75,2019-08-10 00:38:41.393701,347,24,3,41.359496,2.14182
76,2019-08-10 00:38:41.393701,346,14,22,41.360654,2.139132
77,2019-08-10 00:38:41.393701,345,20,12,41.363093,2.139771
78,2019-08-10 00:38:41.393701,344,7,20,41.443127,2.199538
79,2019-08-10 00:38:41.393701,343,9,18,41.438886,2.199598
80,2019-08-10 00:38:41.393701,342,5,22,41.403502,2.193702
81,2019-08-10 00:38:41.393701,341,14,11,41.433958,2.206166
82,2019-08-10 00:38:41.393701,340,21,0,41.43619,2.204573
83,2019-08-10 00:38:41.393701,339,22,4,41.401662,2.205277
84,2019-08-10 00:38:41.393701,338,0,36,41.397572,2.119506
85,2019-08-10 00:38:41.393701,337,4,19,41.398719,2.120422
86,2019-08-10 00:38:41.393701,336,1,26,41.395274,2.120973
87,2019-08-10 00:38:41.393701,335,0,27,41.393639,2.123224
88,2019-08-10 00:38:41.393701,334,0,26,41.400722,2.123268
89,2019-08-10 00:38:41.393701,333,3,24,41.395632,2.125106
90,2019-08-10 00:38:41.393701,332,4,23,41.399822,2.12809
91,2019-08-10 00:38:41.393701,331,2,27,41.39706,2.12801
92,2019-08-10 00:38:41.393701,329,0,26,41.402879,2.128541
93,2019-08-10 00:38:41.393701,328,0,27,41.40293,2.13427
94,2019-08-10 00:38:41.393701,327,0,23,41.405,2.13453
95,2019-08-10 00:38:41.393701,326,5,26,41.407384,2.1383
96,2019-08-10 00:38:41.393701,325,6,17,41.39493,2.130325
97,2019-08-10 00:38:41.393701,324,0,27,41.396938,2.136258
98,2019-08-10 00:38:41.393701,323,0,26,41.397996,2.138717
99,2019-08-10 00:38:41.393701,322,0,22,41.400977,2.13907
100,2019-08-10 00:38:41.393701,321,0,27,41.403054,2.144549
101,2019-08-10 00:38:41.393701,320,0,25,41.401116,2.147953
102,2019-08-10 00:38:41.393701,319,8,21,41.393713,2.145584
103,2019-08-10 00:38:41.393701,318,7,19,41.413406,2.171331
104,2019-08-10 00:38:41.393701,317,23,1,41.425566,2.200693
105,2019-08-10 00:38:41.393701,316,22,2,41.4222743,2.1984029
106,2019-08-10 00:38:41.393701,315,12,13,41.415617,2.181966
107,2019-08-10 00:38:41.393701,314,2,22,41.37836,2.129737
108,2019-08-10 00:38:41.393701,313,25,2,41.375366,2.129847
109,2019-08-10 00:38:41.393701,312,12,23,41.379046,2.123253
110,2019-08-10 00:38:41.393701,311,5,19,41.378638,2.120393
111,2019-08-10 00:38:41.393701,310,0,27,41.381223,2.119077
112,2019-08-10 00:38:41.393701,309,1,20,41.37674,2.116973
113,2019-08-10 00:38:41.393701,308,4,22,41.376788,2.113864
114,2019-08-10 00:38:41.393701,307,3,28,41.379135,2.113505
115,2019-08-10 00:38:41.393701,306,11,20,41.385465,2.122912
116,2019-08-10 00:38:41.393701,305,6,21,41.387498,2.123637
117,2019-08-10 00:38:41.393701,304,1,26,41.390208,2.121029
118,2019-08-10 00:38:41.393701,303,0,27,41.393341,2.115076
119,2019-08-10 00:38:41.393701,302,0,32,41.39065,2.111615
120,2019-08-10 00:38:41.393701,301,0,26,41.437053,2.169644
121,2019-08-10 00:38:41.393701,300,7,11,41.431593,2.176909
122,2019-08-10 00:38:41.393701,299,5,22,41.433965,2.175199
123,2019-08-10 00:38:41.393701,298,1,32,41.43463,2.181747
124,2019-08-10 00:38:41.393701,297,2,22,41.438864,2.176822
125,2019-08-10 00:38:41.393701,296,0,30,41.436505,2.183877
126,2019-08-10 00:38:41.393701,295,5,22,41.43345,2.1715
127,2019-08-10 00:38:41.393701,294,0,24,41.436373,2.170678
128,2019-08-10 00:38:41.393701,293,2,22,41.428388,2.163101
129,2019-08-10 00:38:41.393701,292,4,10,41.430036,2.171974
130,2019-08-10 00:38:41.393701,291,2,25,41.425897,2.17505
131,2019-08-10 00:38:41.393701,290,0,16,41.437094,2.174047
132,2019-08-10 00:38:41.393701,289,24,0,41.416828,2.191022
133,2019-08-10 00:38:41.393701,288,12,20,41.429636,2.174487
134,2019-08-10 00:38:41.393701,287,0,15,41.389171,2.168113
135,2019-08-10 00:38:41.393701,286,1,13,41.403103,2.191428
136,2019-08-10 00:38:41.393701,285,1,20,41.436708,2.186059
137,2019-08-10 00:38:41.393701,284,0,27,41.389503,2.131454
138,2019-08-10 00:38:41.393701,283,4,15,41.42968,2.16157
139,2019-08-10 00:38:41.393701,282,2,25,41.427561,2.166022
140,2019-08-10 00:38:41.393701,281,3,20,41.418088,2.176313
141,2019-08-10 00:38:41.393701,280,1,25,41.413986,2.177842
142,2019-08-10 00:38:41.393701,279,13,14,41.415951,2.174564
143,2019-08-10 00:38:41.393701,278,4,22,41.409815,2.171621
144,2019-08-10 00:38:41.393701,277,9,17,41.408284,2.16905
145,2019-08-10 00:38:41.393701,276,4,22,41.412163,2.165275
146,2019-08-10 00:38:41.393701,275,3,28,41.430693,2.182225
147,2019-08-10 00:38:41.393701,274,9,23,41.430092,2.184898
148,2019-08-10 00:38:41.393701,273,2,34,41.430404,2.183382
149,2019-08-10 00:38:41.393701,272,5,19,41.432559,2.184264
150,2019-08-10 00:38:41.393701,271,6,15,41.450634,2.192335
151,2019-08-10 00:38:41.393701,270,10,17,41.448628,2.18976
152,2019-08-10 00:38:41.393701,269,11,10,41.448128,2.192826
153,2019-08-10 00:38:41.393701,268,11,16,41.445705,2.192892
154,2019-08-10 00:38:41.393701,267,11,12,41.443395,2.190623
155,2019-08-10 00:38:41.393701,266,11,13,41.426841,2.184238
156,2019-08-10 00:38:41.393701,265,19,7,41.385467,2.158532
157,2019-08-10 00:38:41.393701,264,11,22,41.439949,2.197033
158,2019-08-10 00:38:41.393701,263,18,0,41.437814,2.191039
159,2019-08-10 00:38:41.393701,262,5,26,41.379821,2.152496
160,2019-08-10 00:38:41.393701,261,25,7,41.382206,2.160644
161,2019-08-10 00:38:41.393701,260,19,7,41.4356947,2.1920248
162,2019-08-10 00:38:41.393701,259,9,11,41.439109,2.185818
163,2019-08-10 00:38:41.393701,258,15,8,41.442167,2.193032
164,2019-08-10 00:38:41.393701,257,2,22,41.433897,2.189614
165,2019-08-10 00:38:41.393701,256,24,6,41.43608,2.189542
166,2019-08-10 00:38:41.393701,255,5,12,41.431183,2.185852
167,2019-08-10 00:38:41.393701,254,7,19,41.429985,2.190163
168,2019-08-10 00:38:41.393701,253,16,10,41.429977,2.191821
169,2019-08-10 00:38:41.393701,252,24,7,41.429953,2.193185
170,2019-08-10 00:38:41.393701,251,21,10,41.425405,2.185226
171,2019-08-10 00:38:41.393701,250,4,20,41.425905,2.19115
172,2019-08-10 00:38:41.393701,249,13,12,41.425216,2.188997
173,2019-08-10 00:38:41.393701,248,26,1,41.418208,2.190374
174,2019-08-10 00:38:41.393701,247,2,29,41.421992,2.184806
175,2019-08-10 00:38:41.393701,246,1,13,41.422844,2.186637
176,2019-08-10 00:38:41.393701,244,7,16,41.426896,2.178511
177,2019-08-10 00:38:41.393701,243,9,18,41.423939,2.181298
178,2019-08-10 00:38:41.393701,242,5,20,41.424451,2.177284
179,2019-08-10 00:38:41.393701,241,12,21,41.419337,2.180482
180,2019-08-10 00:38:41.393701,240,26,1,41.417763,2.187558
181,2019-08-10 00:38:41.393701,239,25,2,41.417323,2.184534
182,2019-08-10 00:38:41.393701,238,14,11,41.415684,2.190986
183,2019-08-10 00:38:41.393701,237,13,13,41.372891,2.154471
184,2019-08-10 00:38:41.393701,236,23,0,41.375127,2.152769
185,2019-08-10 00:38:41.393701,235,27,0,41.375065,2.165839
186,2019-08-10 00:38:41.393701,234,22,5,41.371515,2.162166
187,2019-08-10 00:38:41.393701,233,20,5,41.371965,2.166871
188,2019-08-10 00:38:41.393701,232,25,1,41.373509,2.171002
189,2019-08-10 00:38:41.393701,231,16,8,41.407202,2.163476
190,2019-08-10 00:38:41.393701,230,2,22,41.405986,2.151633
191,2019-08-10 00:38:41.393701,229,0,27,41.405107,2.156874
192,2019-08-10 00:38:41.393701,228,7,13,41.40694,2.155794
193,2019-08-10 00:38:41.393701,227,4,11,41.407837,2.158678
194,2019-08-10 00:38:41.393701,226,5,20,41.403465,2.161096
195,2019-08-10 00:38:41.393701,225,8,14,41.384956,2.150814
196,2019-08-10 00:38:41.393701,224,0,18,41.399945,2.164389
197,2019-08-10 00:38:41.393701,223,10,26,41.398311,2.159865
198,2019-08-10 00:38:41.393701,222,0,27,41.40124,2.157483
199,2019-08-10 00:38:41.393701,221,3,19,41.402535,2.152519
200,2019-08-10 00:38:41.393701,220,2,25,41.396229,2.151482
201,2019-08-10 00:38:41.393701,219,2,22,41.397698,2.147358
202,2019-08-10 00:38:41.393701,218,25,1,41.404114,2.183203
203,2019-08-10 00:38:41.393701,217,0,26,41.398463,2.143924
204,2019-08-10 00:38:41.393701,216,2,24,41.396809,2.144534
205,2019-08-10 00:38:41.393701,215,0,20,41.39412,2.138146
206,2019-08-10 00:38:41.393701,214,0,25,41.395251,2.133541
207,2019-08-10 00:38:41.393701,213,0,33,41.393783,2.135078
208,2019-08-10 00:38:41.393701,212,1,22,41.39239,2.130945
209,2019-08-10 00:38:41.393701,211,12,16,41.398772,2.190167
210,2019-08-10 00:38:41.393701,210,19,8,41.37453,2.142356
211,2019-08-10 00:38:41.393701,209,23,2,41.385755,2.161004
212,2019-08-10 00:38:41.393701,208,1,32,41.391451,2.139116
213,2019-08-10 00:38:41.393701,207,0,24,41.390828,2.136665
214,2019-08-10 00:38:41.393701,206,1,32,41.389845,2.13284
215,2019-08-10 00:38:41.393701,205,2,30,41.387465,2.130838
216,2019-08-10 00:38:41.393701,204,0,33,41.388011,2.125593
217,2019-08-10 00:38:41.393701,203,28,4,41.388742,2.128503
218,2019-08-10 00:38:41.393701,202,1,26,41.385331,2.128737
219,2019-08-10 00:38:41.393701,201,0,23,41.387787,2.134341
220,2019-08-10 00:38:41.393701,200,3,20,41.383756,2.131273
221,2019-08-10 00:38:41.393701,199,7,20,41.38182,2.126933
222,2019-08-10 00:38:41.393701,198,0,27,41.38451,2.133617
223,2019-08-10 00:38:41.393701,197,4,21,41.38712,2.141039
224,2019-08-10 00:38:41.393701,196,2,25,41.383241,2.139363
225,2019-08-10 00:38:41.393701,195,1,26,41.381888,2.135433
226,2019-08-10 00:38:41.393701,194,1,23,41.381013,2.132319
227,2019-08-10 00:38:41.393701,193,4,22,41.381311,2.128912
228,2019-08-10 00:38:41.393701,192,7,12,41.378629,2.133467
229,2019-08-10 00:38:41.393701,191,9,15,41.382564,2.149094
230,2019-08-10 00:38:41.393701,190,0,29,41.39606,2.207803
231,2019-08-10 00:38:41.393701,189,14,14,41.396918,2.166163
232,2019-08-10 00:38:41.393701,188,18,9,41.375802,2.135973
233,2019-08-10 00:38:41.393701,187,18,0,41.376858,2.169811
234,2019-08-10 00:38:41.393701,186,9,16,41.375571,2.143812
235,2019-08-10 00:38:41.393701,185,13,3,41.37046,2.138994
236,2019-08-10 00:38:41.393701,184,25,1,41.367504,2.134088
237,2019-08-10 00:38:41.393701,183,8,20,41.372338,2.141875
238,2019-08-10 00:38:41.393701,182,26,0,41.371455,2.143882
239,2019-08-10 00:38:41.393701,180,31,19,41.36778,2.13926
240,2019-08-10 00:38:41.393701,179,13,2,41.363511,2.13677
241,2019-08-10 00:38:41.393701,178,7,20,41.405389,2.216212
242,2019-08-10 00:38:41.393701,177,19,3,41.411089,2.181119
243,2019-08-10 00:38:41.393701,176,11,13,41.402541,2.212641
244,2019-08-10 00:38:41.393701,175,6,20,41.40666,2.20956
245,2019-08-10 00:38:41.393701,174,7,20,41.40061,2.210461
246,2019-08-10 00:38:41.393701,173,1,24,41.398027,2.208982
247,2019-08-10 00:38:41.393701,171,0,51,41.391986,2.203699
248,2019-08-10 00:38:41.393701,170,0,53,41.389732,2.199934
249,2019-08-10 00:38:41.393701,168,1,25,41.405358,2.213677
250,2019-08-10 00:38:41.393701,167,1,19,41.402561,2.210538
251,2019-08-10 00:38:41.393701,166,15,12,41.400533,2.206539
252,2019-08-10 00:38:41.393701,165,9,17,41.399196,2.204253
253,2019-08-10 00:38:41.393701,164,19,6,41.411901,2.177895
254,2019-08-10 00:38:41.393701,163,3,19,41.3942,2.20077
255,2019-08-10 00:38:41.393701,162,16,10,41.403908,2.208436
256,2019-08-10 00:38:41.393701,161,11,16,41.395009,2.196308
257,2019-08-10 00:38:41.393701,160,21,12,41.411026,2.219377
258,2019-08-10 00:38:41.393701,159,6,24,41.410882,2.216703
259,2019-08-10 00:38:41.393701,158,14,12,41.411741,2.218546
260,2019-08-10 00:38:41.393701,157,22,2,41.412942,2.217994
261,2019-08-10 00:38:41.393701,156,4,22,41.409017,2.20881
262,2019-08-10 00:38:41.393701,155,6,23,41.406977,2.207602
263,2019-08-10 00:38:41.393701,154,12,19,41.402454,2.201656
264,2019-08-10 00:38:41.393701,153,3,18,41.401778,2.200769
265,2019-08-10 00:38:41.393701,152,3,23,41.39925,2.197421
266,2019-08-10 00:38:41.393701,151,4,23,41.40065,2.19719
267,2019-08-10 00:38:41.393701,150,10,15,41.406549,2.203112
268,2019-08-10 00:38:41.393701,149,6,21,41.395905,2.192958
269,2019-08-10 00:38:41.393701,148,26,0,41.378486,2.163404
270,2019-08-10 00:38:41.393701,147,24,1,41.416018,2.212658
271,2019-08-10 00:38:41.393701,146,0,15,41.415191,2.207111
272,2019-08-10 00:38:41.393701,145,10,17,41.4099066,2.2028356
273,2019-08-10 00:38:41.393701,144,2,23,41.4057871,2.1975542
274,2019-08-10 00:38:41.393701,143,2,23,41.4030725,2.1959541
275,2019-08-10 00:38:41.393701,142,3,29,41.4005692,2.1923425
276,2019-08-10 00:38:41.393701,141,27,2,41.4090158,2.1946377
277,2019-08-10 00:38:41.393701,140,23,4,41.3806648,2.15625
278,2019-08-10 00:38:41.393701,139,24,7,41.4179241,2.2061937
279,2019-08-10 00:38:41.393701,138,20,0,41.416832,2.2053065
280,2019-08-10 00:38:41.393701,137,11,11,41.4144656,2.2014244
281,2019-08-10 00:38:41.393701,136,24,2,41.4141813,2.2015894
282,2019-08-10 00:38:41.393701,135,21,0,41.4121316,2.1977579
283,2019-08-10 00:38:41.393701,134,14,4,41.4115934,2.1987619
284,2019-08-10 00:38:41.393701,133,4,9,41.4076602,2.1924881
285,2019-08-10 00:38:41.393701,132,20,5,41.4084554,2.1919802
286,2019-08-10 00:38:41.393701,131,26,0,41.422785,2.20594
287,2019-08-10 00:38:41.393701,130,23,1,41.4198281,2.201574
288,2019-08-10 00:38:41.393701,129,27,0,41.3770515,2.1611378
289,2019-08-10 00:38:41.393701,128,15,10,41.4154133,2.1964181
290,2019-08-10 00:38:41.393701,127,26,0,41.4118718,2.1911494
291,2019-08-10 00:38:41.393701,126,20,0,41.3806785,2.1817748
292,2019-08-10 00:38:41.393701,125,4,14,41.3844693,2.1955147
293,2019-08-10 00:38:41.393701,124,3,24,41.3702482637018,2.1878125984221697
294,2019-08-10 00:38:41.393701,123,5,14,41.398114,2.166828
295,2019-08-10 00:38:41.393701,122,18,2,41.4053379,2.1660973
296,2019-08-10 00:38:41.393701,121,9,11,41.4061885,2.1785208
297,2019-08-10 00:38:41.393701,120,14,7,41.4045867,2.1765086
298,2019-08-10 00:38:41.393701,119,24,2,41.3966226,2.1823944
299,2019-08-10 00:38:41.393701,118,6,19,41.3919909,2.1879553
300,2019-08-10 00:38:41.393701,117,17,4,41.3907885,2.1969509
301,2019-08-10 00:38:41.393701,116,13,14,41.3839396,2.1916731
302,2019-08-10 00:38:41.393701,115,17,3,41.3837312,2.1841477
303,2019-08-10 00:38:41.393701,114,17,3,41.3768334,2.1737389
304,2019-08-10 00:38:41.393701,113,24,0,41.3774096,2.1648261
305,2019-08-10 00:38:41.393701,112,19,0,41.3776061,2.1572895
306,2019-08-10 00:38:41.393701,111,10,15,41.3813141,2.1527471
307,2019-08-10 00:38:41.393701,110,7,13,41.3857053,2.1547191
308,2019-08-10 00:38:41.393701,109,0,24,41.390936,2.1474257
309,2019-08-10 00:38:41.393701,108,1,15,41.4024328,2.1648503
310,2019-08-10 00:38:41.393701,107,8,10,41.3985611,2.1530513
311,2019-08-10 00:38:41.393701,106,0,20,41.405587,2.162317
312,2019-08-10 00:38:41.393701,105,11,9,41.389197,2.173555
313,2019-08-10 00:38:41.393701,104,14,11,41.4108567,2.1872941
314,2019-08-10 00:38:41.393701,103,15,4,41.4098264,2.1883486
315,2019-08-10 00:38:41.393701,102,0,23,41.3922519,2.1420435
316,2019-08-10 00:38:41.393701,101,1,23,41.3927878,2.1434059
317,2019-08-10 00:38:41.393701,100,0,22,41.3791661,2.1440132
318,2019-08-10 00:38:41.393701,99,0,21,41.380632,2.141548
319,2019-08-10 00:38:41.393701,98,1,20,41.3803803,2.1409726
320,2019-08-10 00:38:41.393701,97,2,19,41.3782369,2.145503
321,2019-08-10 00:38:41.393701,96,6,15,41.3742316,2.1483861
322,2019-08-10 00:38:41.393701,95,15,17,41.3766488,2.1476883
323,2019-08-10 00:38:41.393701,94,14,8,41.3755704,2.1500681
324,2019-08-10 00:38:41.393701,93,1,22,41.3755595,2.1499725
325,2019-08-10 00:38:41.393701,92,0,18,41.3937852,2.1602704
326,2019-08-10 00:38:41.393701,90,1,17,41.3884249,2.1507832
327,2019-08-10 00:38:41.393701,89,1,26,41.388154,2.1503428
328,2019-08-10 00:38:41.393701,88,1,19,41.3935986,2.1506554
329,2019-08-10 00:38:41.393701,87,17,4,41.3832053,2.1486715
330,2019-08-10 00:38:41.393701,86,26,1,41.3752683,2.1630981
331,2019-08-10 00:38:41.393701,85,21,2,41.3750672,2.159005
332,2019-08-10 00:38:41.393701,84,15,12,41.3831216,2.1572314
333,2019-08-10 00:38:41.393701,83,10,13,41.3840885,2.1537733
334,2019-08-10 00:38:41.393701,82,25,8,41.3787972,2.1533895
335,2019-08-10 00:38:41.393701,81,8,13,41.3790058,2.1490856
336,2019-08-10 00:38:41.393701,80,9,11,41.390008,2.1599551
337,2019-08-10 00:38:41.393701,79,7,17,41.3854435,2.1634297
338,2019-08-10 00:38:41.393701,78,6,21,41.3856691,2.1634139
339,2019-08-10 00:38:41.393701,76,12,20,41.391751,2.153123
340,2019-08-10 00:38:41.393701,75,6,15,41.385081,2.142868
341,2019-08-10 00:38:41.393701,74,0,15,41.390062,2.143272
342,2019-08-10 00:38:41.393701,73,8,18,41.392278,2.156183
343,2019-08-10 00:38:41.393701,72,3,23,41.392716,2.158811
344,2019-08-10 00:38:41.393701,71,21,0,41.381931,2.162969
345,2019-08-10 00:38:41.393701,70,26,1,41.380347,2.160695
346,2019-08-10 00:38:41.393701,69,7,12,41.38797,2.195801
347,2019-08-10 00:38:41.393701,68,2,22,41.395364,2.157356
348,2019-08-10 00:38:41.393701,67,22,1,41.385012,2.145843
349,2019-08-10 00:38:41.393701,66,2,12,41.389097,2.167933
350,2019-08-10 00:38:41.393701,65,0,21,41.387678,2.169587
351,2019-08-10 00:38:41.393701,64,1,19,41.387469,2.169048
352,2019-08-10 00:38:41.393701,63,19,8,41.38645,2.169463
353,2019-08-10 00:38:41.393701,62,12,13,41.387142,2.168858
354,2019-08-10 00:38:41.393701,61,1,24,41.390143,2.164946
355,2019-08-10 00:38:41.393701,60,16,10,41.390349,2.16424
356,2019-08-10 00:38:41.393701,59,18,3,41.382781,2.167203
357,2019-08-10 00:38:41.393701,58,17,2,41.382822,2.167154
358,2019-08-10 00:38:41.393701,57,25,0,41.376758,2.177093
359,2019-08-10 00:38:41.393701,56,25,0,41.377011,2.175834
360,2019-08-10 00:38:41.393701,55,15,2,41.381154,2.173497
361,2019-08-10 00:38:41.393701,54,19,0,41.377635,2.170586
362,2019-08-10 00:38:41.393701,53,13,8,41.385227,2.173878
363,2019-08-10 00:38:41.393701,51,10,9,41.384054,2.169019
364,2019-08-10 00:38:41.393701,50,16,1,41.375,2.17035
365,2019-08-10 00:38:41.393701,49,10,10,41.39106,2.196457
366,2019-08-10 00:38:41.393701,48,7,12,41.396085,2.187073
367,2019-08-10 00:38:41.393701,47,2,45,41.389831,2.191147
368,2019-08-10 00:38:41.393701,46,14,36,41.388359,2.193004
369,2019-08-10 00:38:41.393701,45,24,0,41.391429,2.189312
370,2019-08-10 00:38:41.393701,44,2,18,41.402285,2.187111
371,2019-08-10 00:38:41.393701,42,1,21,41.404511,2.189881
372,2019-08-10 00:38:41.393701,41,20,0,41.379326,2.189906
373,2019-08-10 00:38:41.393701,40,17,0,41.382335,2.187093
374,2019-08-10 00:38:41.393701,39,30,14,41.381046,2.186576
375,2019-08-10 00:38:41.393701,37,24,0,41.381226,2.181888
376,2019-08-10 00:38:41.393701,36,16,0,41.385151,2.176804
377,2019-08-10 00:38:41.393701,35,13,14,41.413592,2.221153
378,2019-08-10 00:38:41.393701,34,15,4,41.387074,2.175247
379,2019-08-10 00:38:41.393701,33,6,14,41.376862,2.190773
380,2019-08-10 00:38:41.393701,32,0,27,41.373698,2.188927
381,2019-08-10 00:38:41.393701,31,1,13,41.37481,2.18895
382,2019-08-10 00:38:41.393701,30,19,1,41.402046,2.182286
383,2019-08-10 00:38:41.393701,29,0,20,41.401132,2.170028
384,2019-08-10 00:38:41.393701,28,7,12,41.405422,2.17064
385,2019-08-10 00:38:41.393701,27,0,19,41.396897,2.164373
386,2019-08-10 00:38:41.393701,26,9,8,41.407035,2.181981
387,2019-08-10 00:38:41.393701,25,3,17,41.395179,2.168294
388,2019-08-10 00:38:41.393701,24,6,24,41.400659,2.179111
389,2019-08-10 00:38:41.393701,23,14,13,41.392526,2.171812
390,2019-08-10 00:38:41.393701,22,1,17,41.401684,2.17568
391,2019-08-10 00:38:41.393701,21,8,12,41.410897,2.17402
392,2019-08-10 00:38:41.393701,20,8,7,41.410166,2.175759
393,2019-08-10 00:38:41.393701,19,1,28,41.403282,2.170726
394,2019-08-10 00:38:41.393701,18,17,10,41.406086,2.174167
395,2019-08-10 00:38:41.393701,17,16,26,41.398237,2.186711
396,2019-08-10 00:38:41.393701,15,18,2,41.394812,2.171189
397,2019-08-10 00:38:41.393701,14,25,0,41.384675,2.185039
398,2019-08-10 00:38:41.393701,13,5,49,41.387985,2.19578
399,2019-08-10 00:38:41.393701,12,4,22,41.384538,2.195679
400,2019-08-10 00:38:41.393701,11,5,16,41.381689,2.193914
401,2019-08-10 00:38:41.393701,9,25,1,41.384532,2.184921
402,2019-08-10 00:38:41.393701,8,25,0,41.389088,2.183568
403,2019-08-10 00:38:41.393701,7,26,1,41.388856,2.183251
404,2019-08-10 00:38:41.393701,6,19,16,41.391349,2.18061
405,2019-08-10 00:38:41.393701,5,31,8,41.391075,2.180223
406,2019-08-10 00:38:41.393701,4,6,14,41.39348,2.181555
407,2019-08-10 00:38:41.393701,3,12,15,41.394055,2.181299
408,2019-08-10 00:38:41.393701,2,19,7,41.39553,2.17706
409,2019-08-10 00:38:41.393701,1,27,3,41.397952,2.180042
410,2019-08-10 00:38:41.393701,411,0,0,41.389499,2.165387
411,2019-08-10 00:38:41.393701,379,0,18,41.381709,2.177308
412,2019-08-10 00:38:41.393701,366,0,27,41.393037,2.14358
413,2019-08-10 00:38:41.393701,355,0,26,41.37211,2.12859
414,2019-08-10 00:38:41.393701,330,0,27,41.400587,2.130658
415,2019-08-10 00:38:41.393701,181,0,27,41.36766,2.13911
416,2019-08-10 00:38:41.393701,91,0,30,41.380452,2.158403
417,2019-08-10 00:38:41.393701,77,0,0,41.39005,2.152905
418,2019-08-10 00:38:41.393701,52,0,2,41.381766,2.17738
419,2019-08-10 00:38:41.393701,43,0,1,41.40541,2.18712
420,2019-08-10 00:38:41.393701,10,0,0,41.38498,2.18417
421,2019-08-10 00:39:42.055357,496,4,14,41.404839,2.17482
422,2019-08-10 00:39:42.055357,495,6,18,41.3767081,2.1483947
423,2019-08-10 00:39:42.055357,494,0,23,41.3896703,2.1654279
424,2019-08-10 00:39:42.055357,492,2,22,41.3944248,2.1751026
425,2019-08-10 00:39:42.055357,428,3,23,41.398389,2.196261
426,2019-08-10 00:39:42.055357,427,19,0,41.375336,2.168007
427,2019-08-10 00:39:42.055357,426,20,10,41.398305,2.183023
428,2019-08-10 00:39:42.055357,425,22,4,41.37652,2.1749
429,2019-08-10 00:39:42.055357,424,19,8,41.379632,2.192662
430,2019-08-10 00:39:42.055357,423,21,11,41.420201,2.189532
431,2019-08-10 00:39:42.055357,421,6,25,41.378031,2.139124
432,2019-08-10 00:39:42.055357,420,8,19,41.374213,2.148082
433,2019-08-10 00:39:42.055357,419,30,2,41.391299,2.180828
434,2019-08-10 00:39:42.055357,418,15,9,41.390943,2.180251
435,2019-08-10 00:39:42.055357,416,27,0,41.378134,2.16965
436,2019-08-10 00:39:42.055357,415,25,0,41.379374,2.168921
437,2019-08-10 00:39:42.055357,414,10,23,41.393744,2.176451
438,2019-08-10 00:39:42.055357,413,9,22,41.393512,2.170718
439,2019-08-10 00:39:42.055357,412,12,15,41.389012,2.172667
440,2019-08-10 00:39:42.055357,410,31,2,41.376433,2.17871
441,2019-08-10 00:39:42.055357,409,2,25,41.392272,2.192556
442,2019-08-10 00:39:42.055357,408,6,32,41.388988,2.192283
443,2019-08-10 00:39:42.055357,406,3,30,41.386512,2.164597
444,2019-08-10 00:39:42.055357,405,0,26,41.38551,2.152
445,2019-08-10 00:39:42.055357,404,19,13,41.365374,2.133087
446,2019-08-10 00:39:42.055357,402,23,3,41.380705,2.182415
447,2019-08-10 00:39:42.055357,401,22,0,41.381241,2.181838
448,2019-08-10 00:39:42.055357,400,0,28,41.36958,2.188017
449,2019-08-10 00:39:42.055357,398,14,10,41.381011,2.193502
450,2019-08-10 00:39:42.055357,397,0,26,41.388894,2.199334
451,2019-08-10 00:39:42.055357,396,19,12,41.389028,2.196844
452,2019-08-10 00:39:42.055357,395,14,19,41.386009,2.170212
453,2019-08-10 00:39:42.055357,394,22,3,41.387151,2.162838
454,2019-08-10 00:39:42.055357,393,0,32,41.402177,2.197653
455,2019-08-10 00:39:42.055357,392,7,12,41.390595,2.190681
456,2019-08-10 00:39:42.055357,391,16,8,41.422873,2.191204
457,2019-08-10 00:39:42.055357,390,22,1,41.386955,2.18195
458,2019-08-10 00:39:42.055357,389,9,18,41.38739,2.1875
459,2019-08-10 00:39:42.055357,388,26,0,41.380593,2.167418
460,2019-08-10 00:39:42.055357,387,18,6,41.395796,2.178784
461,2019-08-10 00:39:42.055357,386,24,0,41.375086,2.156848
462,2019-08-10 00:39:42.055357,385,15,14,41.387978,2.155266
463,2019-08-10 00:39:42.055357,384,6,20,41.380708,2.146793
464,2019-08-10 00:39:42.055357,382,12,15,41.403938,2.204188
465,2019-08-10 00:39:42.055357,381,17,14,41.381686,2.167816
466,2019-08-10 00:39:42.055357,380,23,0,41.385463,2.174252
467,2019-08-10 00:39:42.055357,378,15,2,41.378516,2.176716
468,2019-08-10 00:39:42.055357,377,20,7,41.37747,2.183737
469,2019-08-10 00:39:42.055357,376,1,25,41.371663,2.180302
470,2019-08-10 00:39:42.055357,375,0,27,41.372154,2.180701
471,2019-08-10 00:39:42.055357,374,1,30,41.395,2.16123
472,2019-08-10 00:39:42.055357,373,29,1,41.375073,2.161305
473,2019-08-10 00:39:42.055357,372,17,9,41.400167,2.184362
474,2019-08-10 00:39:42.055357,371,28,3,41.404027,2.181264
475,2019-08-10 00:39:42.055357,370,9,18,41.40377,2.172864
476,2019-08-10 00:39:42.055357,369,14,9,41.400168,2.177948
477,2019-08-10 00:39:42.055357,368,7,17,41.396815,2.175714
478,2019-08-10 00:39:42.055357,367,0,29,41.385057,2.137331
479,2019-08-10 00:39:42.055357,365,13,18,41.387499,2.14702
480,2019-08-10 00:39:42.055357,364,2,31,41.39324,2.16343
481,2019-08-10 00:39:42.055357,363,11,13,41.39076,2.1744
482,2019-08-10 00:39:42.055357,362,0,29,41.397006,2.17057
483,2019-08-10 00:39:42.055357,361,30,1,41.376292,2.178553
484,2019-08-10 00:39:42.055357,360,5,22,41.395213,2.172984
485,2019-08-10 00:39:42.055357,359,19,3,41.390021,2.177572
486,2019-08-10 00:39:42.055357,358,25,0,41.387225,2.17927
487,2019-08-10 00:39:42.055357,357,8,18,41.410615,2.157987
488,2019-08-10 00:39:42.055357,356,16,9,41.413425,2.163411
489,2019-08-10 00:39:42.055357,354,26,1,41.37592,2.13008
490,2019-08-10 00:39:42.055357,353,11,20,41.375414,2.123191
491,2019-08-10 00:39:42.055357,352,10,18,41.36335,2.134144
492,2019-08-10 00:39:42.055357,351,16,16,41.362135,2.135637
493,2019-08-10 00:39:42.055357,350,1,28,41.391833,2.14812
494,2019-08-10 00:39:42.055357,349,13,19,41.357338,2.137172
495,2019-08-10 00:39:42.055357,348,24,9,41.357067,2.141563
496,2019-08-10 00:39:42.055357,347,24,2,41.359496,2.14182
497,2019-08-10 00:39:42.055357,346,14,22,41.360654,2.139132
498,2019-08-10 00:39:42.055357,345,20,12,41.363093,2.139771
499,2019-08-10 00:39:42.055357,344,7,20,41.443127,2.199538
500,2019-08-10 00:39:42.055357,343,9,18,41.438886,2.199598
501,2019-08-10 00:39:42.055357,342,5,22,41.403502,2.193702
502,2019-08-10 00:39:42.055357,341,14,11,41.433958,2.206166
503,2019-08-10 00:39:42.055357,340,21,0,41.43619,2.204573
504,2019-08-10 00:39:42.055357,339,23,3,41.401662,2.205277
505,2019-08-10 00:39:42.055357,338,0,36,41.397572,2.119506
506,2019-08-10 00:39:42.055357,337,4,19,41.398719,2.120422
507,2019-08-10 00:39:42.055357,336,1,26,41.395274,2.120973
508,2019-08-10 00:39:42.055357,335,0,27,41.393639,2.123224
509,2019-08-10 00:39:42.055357,334,0,26,41.400722,2.123268
510,2019-08-10 00:39:42.055357,333,3,24,41.395632,2.125106
511,2019-08-10 00:39:42.055357,332,4,23,41.399822,2.12809
512,2019-08-10 00:39:42.055357,331,2,27,41.39706,2.12801
513,2019-08-10 00:39:42.055357,329,0,26,41.402879,2.128541
514,2019-08-10 00:39:42.055357,328,0,27,41.40293,2.13427
515,2019-08-10 00:39:42.055357,327,0,23,41.405,2.13453
516,2019-08-10 00:39:42.055357,326,5,26,41.407384,2.1383
517,2019-08-10 00:39:42.055357,325,6,17,41.39493,2.130325
518,2019-08-10 00:39:42.055357,324,0,27,41.396938,2.136258
519,2019-08-10 00:39:42.055357,323,0,26,41.397996,2.138717
520,2019-08-10 00:39:42.055357,322,0,22,41.400977,2.13907
521,2019-08-10 00:39:42.055357,321,0,27,41.403054,2.144549
522,2019-08-10 00:39:42.055357,320,0,25,41.401116,2.147953
523,2019-08-10 00:39:42.055357,319,7,22,41.393713,2.145584
524,2019-08-10 00:39:42.055357,318,8,18,41.413406,2.171331
525,2019-08-10 00:39:42.055357,317,22,2,41.425566,2.200693
526,2019-08-10 00:39:42.055357,316,23,1,41.4222743,2.1984029
527,2019-08-10 00:39:42.055357,315,13,12,41.415617,2.181966
528,2019-08-10 00:39:42.055357,314,2,22,41.37836,2.129737
529,2019-08-10 00:39:42.055357,313,25,2,41.375366,2.129847
530,2019-08-10 00:39:42.055357,312,12,23,41.379046,2.123253
531,2019-08-10 00:39:42.055357,311,5,19,41.378638,2.120393
532,2019-08-10 00:39:42.055357,310,0,27,41.381223,2.119077
533,2019-08-10 00:39:42.055357,309,1,20,41.37674,2.116973
534,2019-08-10 00:39:42.055357,308,4,22,41.376788,2.113864
535,2019-08-10 00:39:42.055357,307,3,28,41.379135,2.113505
536,2019-08-10 00:39:42.055357,306,11,20,41.385465,2.122912
537,2019-08-10 00:39:42.055357,305,6,21,41.387498,2.123637
538,2019-08-10 00:39:42.055357,304,1,26,41.390208,2.121029
539,2019-08-10 00:39:42.055357,303,0,27,41.393341,2.115076
540,2019-08-10 00:39:42.055357,302,0,32,41.39065,2.111615
541,2019-08-10 00:39:42.055357,301,0,26,41.437053,2.169644
542,2019-08-10 00:39:42.055357,300,7,11,41.431593,2.176909
543,2019-08-10 00:39:42.055357,299,5,22,41.433965,2.175199
544,2019-08-10 00:39:42.055357,298,1,32,41.43463,2.181747
545,2019-08-10 00:39:42.055357,297,1,23,41.438864,2.176822
546,2019-08-10 00:39:42.055357,296,0,30,41.436505,2.183877
547,2019-08-10 00:39:42.055357,295,5,22,41.43345,2.1715
548,2019-08-10 00:39:42.055357,294,0,24,41.436373,2.170678
549,2019-08-10 00:39:42.055357,293,3,21,41.428388,2.163101
550,2019-08-10 00:39:42.055357,292,3,11,41.430036,2.171974
551,2019-08-10 00:39:42.055357,291,1,26,41.425897,2.17505
552,2019-08-10 00:39:42.055357,290,0,16,41.437094,2.174047
553,2019-08-10 00:39:42.055357,289,23,1,41.416828,2.191022
554,2019-08-10 00:39:42.055357,288,12,20,41.429636,2.174487
555,2019-08-10 00:39:42.055357,287,0,15,41.389171,2.168113
556,2019-08-10 00:39:42.055357,286,0,14,41.403103,2.191428
557,2019-08-10 00:39:42.055357,285,1,20,41.436708,2.186059
558,2019-08-10 00:39:42.055357,284,0,27,41.389503,2.131454
559,2019-08-10 00:39:42.055357,283,4,15,41.42968,2.16157
560,2019-08-10 00:39:42.055357,282,2,25,41.427561,2.166022
561,2019-08-10 00:39:42.055357,281,3,20,41.418088,2.176313
562,2019-08-10 00:39:42.055357,280,3,23,41.413986,2.177842
563,2019-08-10 00:39:42.055357,279,15,12,41.415951,2.174564
564,2019-08-10 00:39:42.055357,278,4,22,41.409815,2.171621
565,2019-08-10 00:39:42.055357,277,11,15,41.408284,2.16905
566,2019-08-10 00:39:42.055357,276,4,22,41.412163,2.165275
567,2019-08-10 00:39:42.055357,275,3,28,41.430693,2.182225
568,2019-08-10 00:39:42.055357,274,10,22,41.430092,2.184898
569,2019-08-10 00:39:42.055357,273,2,34,41.430404,2.183382
570,2019-08-10 00:39:42.055357,272,5,19,41.432559,2.184264
571,2019-08-10 00:39:42.055357,271,6,15,41.450634,2.192335
572,2019-08-10 00:39:42.055357,270,10,17,41.448628,2.18976
573,2019-08-10 00:39:42.055357,269,11,10,41.448128,2.192826
574,2019-08-10 00:39:42.055357,268,11,16,41.445705,2.192892
575,2019-08-10 00:39:42.055357,267,11,12,41.443395,2.190623
576,2019-08-10 00:39:42.055357,266,10,14,41.426841,2.184238
577,2019-08-10 00:39:42.055357,265,18,8,41.385467,2.158532
578,2019-08-10 00:39:42.055357,264,11,22,41.439949,2.197033
579,2019-08-10 00:39:42.055357,263,18,0,41.437814,2.191039
580,2019-08-10 00:39:42.055357,262,2,29,41.379821,2.152496
581,2019-08-10 00:39:42.055357,261,23,9,41.382206,2.160644
582,2019-08-10 00:39:42.055357,260,19,7,41.4356947,2.1920248
583,2019-08-10 00:39:42.055357,259,9,11,41.439109,2.185818
584,2019-08-10 00:39:42.055357,258,15,8,41.442167,2.193032
585,2019-08-10 00:39:42.055357,257,2,22,41.433897,2.189614
586,2019-08-10 00:39:42.055357,256,26,4,41.43608,2.189542
587,2019-08-10 00:39:42.055357,255,5,12,41.431183,2.185852
588,2019-08-10 00:39:42.055357,254,7,19,41.429985,2.190163
589,2019-08-10 00:39:42.055357,253,16,10,41.429977,2.191821
590,2019-08-10 00:39:42.055357,252,24,7,41.429953,2.193185
591,2019-08-10 00:39:42.055357,251,21,10,41.425405,2.185226
592,2019-08-10 00:39:42.055357,250,4,20,41.425905,2.19115
593,2019-08-10 00:39:42.055357,249,12,13,41.425216,2.188997
594,2019-08-10 00:39:42.055357,248,26,1,41.418208,2.190374
595,2019-08-10 00:39:42.055357,247,5,26,41.421992,2.184806
596,2019-08-10 00:39:42.055357,246,4,10,41.422844,2.186637
597,2019-08-10 00:39:42.055357,244,7,16,41.426896,2.178511
598,2019-08-10 00:39:42.055357,243,8,19,41.423939,2.181298
599,2019-08-10 00:39:42.055357,242,6,19,41.424451,2.177284
600,2019-08-10 00:39:42.055357,241,13,20,41.419337,2.180482
601,2019-08-10 00:39:42.055357,240,26,1,41.417763,2.187558
602,2019-08-10 00:39:42.055357,239,24,3,41.417323,2.184534
603,2019-08-10 00:39:42.055357,238,15,10,41.415684,2.190986
604,2019-08-10 00:39:42.055357,237,15,11,41.372891,2.154471
605,2019-08-10 00:39:42.055357,236,23,0,41.375127,2.152769
606,2019-08-10 00:39:42.055357,235,27,0,41.375065,2.165839
607,2019-08-10 00:39:42.055357,234,22,5,41.371515,2.162166
608,2019-08-10 00:39:42.055357,233,21,4,41.371965,2.166871
609,2019-08-10 00:39:42.055357,232,23,3,41.373509,2.171002
610,2019-08-10 00:39:42.055357,231,17,7,41.407202,2.163476
611,2019-08-10 00:39:42.055357,230,1,23,41.405986,2.151633
612,2019-08-10 00:39:42.055357,229,0,27,41.405107,2.156874
613,2019-08-10 00:39:42.055357,228,7,13,41.40694,2.155794
614,2019-08-10 00:39:42.055357,227,7,8,41.407837,2.158678
615,2019-08-10 00:39:42.055357,226,4,22,41.403465,2.161096
616,2019-08-10 00:39:42.055357,225,6,16,41.384956,2.150814
617,2019-08-10 00:39:42.055357,224,0,18,41.399945,2.164389
618,2019-08-10 00:39:42.055357,223,6,30,41.398311,2.159865
619,2019-08-10 00:39:42.055357,222,0,27,41.40124,2.157483
620,2019-08-10 00:39:42.055357,221,1,21,41.402535,2.152519
621,2019-08-10 00:39:42.055357,220,2,25,41.396229,2.151482
622,2019-08-10 00:39:42.055357,219,3,21,41.397698,2.147358
623,2019-08-10 00:39:42.055357,218,25,1,41.404114,2.183203
624,2019-08-10 00:39:42.055357,217,1,25,41.398463,2.143924
625,2019-08-10 00:39:42.055357,216,2,24,41.396809,2.144534
626,2019-08-10 00:39:42.055357,215,0,20,41.39412,2.138146
627,2019-08-10 00:39:42.055357,214,0,25,41.395251,2.133541
628,2019-08-10 00:39:42.055357,213,0,33,41.393783,2.135078
629,2019-08-10 00:39:42.055357,212,1,22,41.39239,2.130945
630,2019-08-10 00:39:42.055357,211,12,16,41.398772,2.190167
631,2019-08-10 00:39:42.055357,210,19,8,41.37453,2.142356
632,2019-08-10 00:39:42.055357,209,23,2,41.385755,2.161004
633,2019-08-10 00:39:42.055357,208,1,32,41.391451,2.139116
634,2019-08-10 00:39:42.055357,207,0,24,41.390828,2.136665
635,2019-08-10 00:39:42.055357,206,1,32,41.389845,2.13284
636,2019-08-10 00:39:42.055357,205,0,32,41.387465,2.130838
637,2019-08-10 00:39:42.055357,204,0,33,41.388011,2.125593
638,2019-08-10 00:39:42.055357,203,28,4,41.388742,2.128503
639,2019-08-10 00:39:42.055357,202,1,26,41.385331,2.128737
640,2019-08-10 00:39:42.055357,201,0,23,41.387787,2.134341
641,2019-08-10 00:39:42.055357,200,3,20,41.383756,2.131273
642,2019-08-10 00:39:42.055357,199,7,20,41.38182,2.126933
643,2019-08-10 00:39:42.055357,198,0,27,41.38451,2.133617
644,2019-08-10 00:39:42.055357,197,3,22,41.38712,2.141039
645,2019-08-10 00:39:42.055357,196,3,24,41.383241,2.139363
646,2019-08-10 00:39:42.055357,195,1,26,41.381888,2.135433
647,2019-08-10 00:39:42.055357,194,0,24,41.381013,2.132319
648,2019-08-10 00:39:42.055357,193,4,22,41.381311,2.128912
649,2019-08-10 00:39:42.055357,192,7,12,41.378629,2.133467
650,2019-08-10 00:39:42.055357,191,9,15,41.382564,2.149094
651,2019-08-10 00:39:42.055357,190,0,29,41.39606,2.207803
652,2019-08-10 00:39:42.055357,189,13,15,41.396918,2.166163
653,2019-08-10 00:39:42.055357,188,20,7,41.375802,2.135973
654,2019-08-10 00:39:42.055357,187,18,0,41.376858,2.169811
655,2019-08-10 00:39:42.055357,186,8,17,41.375571,2.143812
656,2019-08-10 00:39:42.055357,185,14,2,41.37046,2.138994
657,2019-08-10 00:39:42.055357,184,25,1,41.367504,2.134088
658,2019-08-10 00:39:42.055357,183,11,17,41.372338,2.141875
659,2019-08-10 00:39:42.055357,182,25,1,41.371455,2.143882
660,2019-08-10 00:39:42.055357,180,31,19,41.36778,2.13926
661,2019-08-10 00:39:42.055357,179,13,2,41.363511,2.13677
662,2019-08-10 00:39:42.055357,178,6,21,41.405389,2.216212
663,2019-08-10 00:39:42.055357,177,21,1,41.411089,2.181119
664,2019-08-10 00:39:42.055357,176,11,13,41.402541,2.212641
665,2019-08-10 00:39:42.055357,175,7,19,41.40666,2.20956
666,2019-08-10 00:39:42.055357,174,8,19,41.40061,2.210461
667,2019-08-10 00:39:42.055357,173,2,23,41.398027,2.208982
668,2019-08-10 00:39:42.055357,171,0,51,41.391986,2.203699
669,2019-08-10 00:39:42.055357,170,0,53,41.389732,2.199934
670,2019-08-10 00:39:42.055357,168,2,24,41.405358,2.213677
671,2019-08-10 00:39:42.055357,167,3,17,41.402561,2.210538
672,2019-08-10 00:39:42.055357,166,15,12,41.400533,2.206539
673,2019-08-10 00:39:42.055357,165,6,20,41.399196,2.204253
674,2019-08-10 00:39:42.055357,164,19,6,41.411901,2.177895
675,2019-08-10 00:39:42.055357,163,1,21,41.3942,2.20077
676,2019-08-10 00:39:42.055357,162,16,10,41.403908,2.208436
677,2019-08-10 00:39:42.055357,161,11,16,41.395009,2.196308
678,2019-08-10 00:39:42.055357,160,20,13,41.411026,2.219377
679,2019-08-10 00:39:42.055357,159,8,22,41.410882,2.216703
680,2019-08-10 00:39:42.055357,158,13,13,41.411741,2.218546
681,2019-08-10 00:39:42.055357,157,21,3,41.412942,2.217994
682,2019-08-10 00:39:42.055357,156,4,22,41.409017,2.20881
683,2019-08-10 00:39:42.055357,155,6,23,41.406977,2.207602
684,2019-08-10 00:39:42.055357,154,12,19,41.402454,2.201656
685,2019-08-10 00:39:42.055357,153,2,18,41.401778,2.200769
686,2019-08-10 00:39:42.055357,152,2,24,41.39925,2.197421
687,2019-08-10 00:39:42.055357,151,5,22,41.40065,2.19719
688,2019-08-10 00:39:42.055357,150,10,15,41.406549,2.203112
689,2019-08-10 00:39:42.055357,149,6,21,41.395905,2.192958
690,2019-08-10 00:39:42.055357,148,26,0,41.378486,2.163404
691,2019-08-10 00:39:42.055357,147,24,1,41.416018,2.212658
692,2019-08-10 00:39:42.055357,146,0,15,41.415191,2.207111
693,2019-08-10 00:39:42.055357,145,10,17,41.4099066,2.2028356
694,2019-08-10 00:39:42.055357,144,2,23,41.4057871,2.1975542
695,2019-08-10 00:39:42.055357,143,2,23,41.4030725,2.1959541
696,2019-08-10 00:39:42.055357,142,4,28,41.4005692,2.1923425
697,2019-08-10 00:39:42.055357,141,27,2,41.4090158,2.1946377
698,2019-08-10 00:39:42.055357,140,22,5,41.3806648,2.15625
699,2019-08-10 00:39:42.055357,139,24,7,41.4179241,2.2061937
700,2019-08-10 00:39:42.055357,138,19,1,41.416832,2.2053065
701,2019-08-10 00:39:42.055357,137,13,9,41.4144656,2.2014244
702,2019-08-10 00:39:42.055357,136,24,2,41.4141813,2.2015894
703,2019-08-10 00:39:42.055357,135,21,0,41.4121316,2.1977579
704,2019-08-10 00:39:42.055357,134,14,4,41.4115934,2.1987619
705,2019-08-10 00:39:42.055357,133,4,9,41.4076602,2.1924881
706,2019-08-10 00:39:42.055357,132,20,5,41.4084554,2.1919802
707,2019-08-10 00:39:42.055357,131,26,0,41.422785,2.20594
708,2019-08-10 00:39:42.055357,130,23,1,41.4198281,2.201574
709,2019-08-10 00:39:42.055357,129,27,0,41.3770515,2.1611378
710,2019-08-10 00:39:42.055357,128,16,9,41.4154133,2.1964181
711,2019-08-10 00:39:42.055357,127,26,0,41.4118718,2.1911494
712,2019-08-10 00:39:42.055357,126,20,0,41.3806785,2.1817748
713,2019-08-10 00:39:42.055357,125,3,15,41.3844693,2.1955147
714,2019-08-10 00:39:42.055357,124,1,26,41.3702482637018,2.1878125984221697
715,2019-08-10 00:39:42.055357,123,3,16,41.398114,2.166828
716,2019-08-10 00:39:42.055357,122,17,3,41.4053379,2.1660973
717,2019-08-10 00:39:42.055357,121,10,10,41.4061885,2.1785208
718,2019-08-10 00:39:42.055357,120,16,5,41.4045867,2.1765086
719,2019-08-10 00:39:42.055357,119,24,2,41.3966226,2.1823944
720,2019-08-10 00:39:42.055357,118,8,17,41.3919909,2.1879553
721,2019-08-10 00:39:42.055357,117,16,5,41.3907885,2.1969509
722,2019-08-10 00:39:42.055357,116,14,13,41.3839396,2.1916731
723,2019-08-10 00:39:42.055357,115,14,6,41.3837312,2.1841477
724,2019-08-10 00:39:42.055357,114,17,3,41.3768334,2.1737389
725,2019-08-10 00:39:42.055357,113,24,0,41.3774096,2.1648261
726,2019-08-10 00:39:42.055357,112,18,1,41.3776061,2.1572895
727,2019-08-10 00:39:42.055357,111,9,16,41.3813141,2.1527471
728,2019-08-10 00:39:42.055357,110,8,12,41.3857053,2.1547191
729,2019-08-10 00:39:42.055357,109,0,24,41.390936,2.1474257
730,2019-08-10 00:39:42.055357,108,0,16,41.4024328,2.1648503
731,2019-08-10 00:39:42.055357,107,6,12,41.3985611,2.1530513
732,2019-08-10 00:39:42.055357,106,0,20,41.405587,2.162317
733,2019-08-10 00:39:42.055357,105,8,12,41.389197,2.173555
734,2019-08-10 00:39:42.055357,104,14,11,41.4108567,2.1872941
735,2019-08-10 00:39:42.055357,103,15,4,41.4098264,2.1883486
736,2019-08-10 00:39:42.055357,102,0,23,41.3922519,2.1420435
737,2019-08-10 00:39:42.055357,101,0,24,41.3927878,2.1434059
738,2019-08-10 00:39:42.055357,100,0,22,41.3791661,2.1440132
739,2019-08-10 00:39:42.055357,99,0,21,41.380632,2.141548
740,2019-08-10 00:39:42.055357,98,1,20,41.3803803,2.1409726
741,2019-08-10 00:39:42.055357,97,2,19,41.3782369,2.145503
742,2019-08-10 00:39:42.055357,96,5,16,41.3742316,2.1483861
743,2019-08-10 00:39:42.055357,95,13,19,41.3766488,2.1476883
744,2019-08-10 00:39:42.055357,94,10,12,41.3755704,2.1500681
745,2019-08-10 00:39:42.055357,93,1,22,41.3755595,2.1499725
746,2019-08-10 00:39:42.055357,92,0,18,41.3937852,2.1602704
747,2019-08-10 00:39:42.055357,90,0,18,41.3884249,2.1507832
748,2019-08-10 00:39:42.055357,89,0,27,41.388154,2.1503428
749,2019-08-10 00:39:42.055357,88,0,20,41.3935986,2.1506554
750,2019-08-10 00:39:42.055357,87,17,4,41.3832053,2.1486715
751,2019-08-10 00:39:42.055357,86,26,1,41.3752683,2.1630981
752,2019-08-10 00:39:42.055357,85,21,2,41.3750672,2.159005
753,2019-08-10 00:39:42.055357,84,17,10,41.3831216,2.1572314
754,2019-08-10 00:39:42.055357,83,9,14,41.3840885,2.1537733
755,2019-08-10 00:39:42.055357,82,26,7,41.3787972,2.1533895
756,2019-08-10 00:39:42.055357,81,10,11,41.3790058,2.1490856
757,2019-08-10 00:39:42.055357,80,8,12,41.390008,2.1599551
758,2019-08-10 00:39:42.055357,79,10,14,41.3854435,2.1634297
759,2019-08-10 00:39:42.055357,78,7,20,41.3856691,2.1634139
760,2019-08-10 00:39:42.055357,76,10,22,41.391751,2.153123
761,2019-08-10 00:39:42.055357,75,6,15,41.385081,2.142868
762,2019-08-10 00:39:42.055357,74,1,14,41.390062,2.143272
763,2019-08-10 00:39:42.055357,73,7,19,41.392278,2.156183
764,2019-08-10 00:39:42.055357,72,3,23,41.392716,2.158811
765,2019-08-10 00:39:42.055357,71,21,0,41.381931,2.162969
766,2019-08-10 00:39:42.055357,70,27,0,41.380347,2.160695
767,2019-08-10 00:39:42.055357,69,8,11,41.38797,2.195801
768,2019-08-10 00:39:42.055357,68,1,23,41.395364,2.157356
769,2019-08-10 00:39:42.055357,67,21,2,41.385012,2.145843
770,2019-08-10 00:39:42.055357,66,2,12,41.389097,2.167933
771,2019-08-10 00:39:42.055357,65,0,21,41.387678,2.169587
772,2019-08-10 00:39:42.055357,64,2,18,41.387469,2.169048
773,2019-08-10 00:39:42.055357,63,19,8,41.38645,2.169463
774,2019-08-10 00:39:42.055357,62,12,13,41.387142,2.168858
775,2019-08-10 00:39:42.055357,61,2,23,41.390143,2.164946
776,2019-08-10 00:39:42.055357,60,13,13,41.390349,2.16424
777,2019-08-10 00:39:42.055357,59,18,3,41.382781,2.167203
778,2019-08-10 00:39:42.055357,58,18,1,41.382822,2.167154
779,2019-08-10 00:39:42.055357,57,25,0,41.376758,2.177093
780,2019-08-10 00:39:42.055357,56,25,0,41.377011,2.175834
781,2019-08-10 00:39:42.055357,55,16,1,41.381154,2.173497
782,2019-08-10 00:39:42.055357,54,19,0,41.377635,2.170586
783,2019-08-10 00:39:42.055357,53,14,7,41.385227,2.173878
784,2019-08-10 00:39:42.055357,51,11,8,41.384054,2.169019
785,2019-08-10 00:39:42.055357,50,17,0,41.375,2.17035
786,2019-08-10 00:39:42.055357,49,11,9,41.39106,2.196457
787,2019-08-10 00:39:42.055357,48,6,13,41.396085,2.187073
788,2019-08-10 00:39:42.055357,47,2,45,41.389831,2.191147
789,2019-08-10 00:39:42.055357,46,15,35,41.388359,2.193004
790,2019-08-10 00:39:42.055357,45,24,0,41.391429,2.189312
791,2019-08-10 00:39:42.055357,44,2,18,41.402285,2.187111
792,2019-08-10 00:39:42.055357,42,0,22,41.404511,2.189881
793,2019-08-10 00:39:42.055357,41,20,0,41.379326,2.189906
794,2019-08-10 00:39:42.055357,40,17,0,41.382335,2.187093
795,2019-08-10 00:39:42.055357,39,29,15,41.381046,2.186576
796,2019-08-10 00:39:42.055357,37,24,0,41.381226,2.181888
797,2019-08-10 00:39:42.055357,36,15,1,41.385151,2.176804
798,2019-08-10 00:39:42.055357,35,16,11,41.413592,2.221153
799,2019-08-10 00:39:42.055357,34,15,4,41.387074,2.175247
800,2019-08-10 00:39:42.055357,33,6,14,41.376862,2.190773
801,2019-08-10 00:39:42.055357,32,0,27,41.373698,2.188927
802,2019-08-10 00:39:42.055357,31,1,13,41.37481,2.18895
803,2019-08-10 00:39:42.055357,30,18,2,41.402046,2.182286
804,2019-08-10 00:39:42.055357,29,1,19,41.401132,2.170028
805,2019-08-10 00:39:42.055357,28,7,12,41.405422,2.17064
806,2019-08-10 00:39:42.055357,27,0,19,41.396897,2.164373
807,2019-08-10 00:39:42.055357,26,10,7,41.407035,2.181981
808,2019-08-10 00:39:42.055357,25,3,17,41.395179,2.168294
809,2019-08-10 00:39:42.055357,24,6,24,41.400659,2.179111
810,2019-08-10 00:39:42.055357,23,13,14,41.392526,2.171812
811,2019-08-10 00:39:42.055357,22,1,17,41.401684,2.17568
812,2019-08-10 00:39:42.055357,21,10,10,41.410897,2.17402
813,2019-08-10 00:39:42.055357,20,6,9,41.410166,2.175759
814,2019-08-10 00:39:42.055357,19,0,29,41.403282,2.170726
815,2019-08-10 00:39:42.055357,18,17,10,41.406086,2.174167
816,2019-08-10 00:39:42.055357,17,16,26,41.398237,2.186711
817,2019-08-10 00:39:42.055357,15,18,2,41.394812,2.171189
818,2019-08-10 00:39:42.055357,14,25,0,41.384675,2.185039
819,2019-08-10 00:39:42.055357,13,4,50,41.387985,2.19578
820,2019-08-10 00:39:42.055357,12,5,21,41.384538,2.195679
821,2019-08-10 00:39:42.055357,11,5,16,41.381689,2.193914
822,2019-08-10 00:39:42.055357,9,25,1,41.384532,2.184921
823,2019-08-10 00:39:42.055357,8,25,0,41.389088,2.183568
824,2019-08-10 00:39:42.055357,7,26,1,41.388856,2.183251
825,2019-08-10 00:39:42.055357,6,20,15,41.391349,2.18061
826,2019-08-10 00:39:42.055357,5,30,9,41.391075,2.180223
827,2019-08-10 00:39:42.055357,4,6,14,41.39348,2.181555
828,2019-08-10 00:39:42.055357,3,13,14,41.394055,2.181299
829,2019-08-10 00:39:42.055357,2,19,7,41.39553,2.17706
830,2019-08-10 00:39:42.055357,1,28,2,41.397952,2.180042
831,2019-08-10 00:39:42.055357,411,0,0,41.389499,2.165387
832,2019-08-10 00:39:42.055357,379,0,18,41.381709,2.177308
833,2019-08-10 00:39:42.055357,366,0,27,41.393037,2.14358
834,2019-08-10 00:39:42.055357,355,0,26,41.37211,2.12859
835,2019-08-10 00:39:42.055357,330,0,27,41.400587,2.130658
836,2019-08-10 00:39:42.055357,181,0,27,41.36766,2.13911
837,2019-08-10 00:39:42.055357,91,0,30,41.380452,2.158403
838,2019-08-10 00:39:42.055357,77,0,0,41.39005,2.152905
839,2019-08-10 00:39:42.055357,52,0,2,41.381766,2.17738
840,2019-08-10 00:39:42.055357,43,0,1,41.40541,2.18712
841,2019-08-10 00:39:42.055357,10,0,0,41.38498,2.18417
842,2019-08-10 00:40:43.486965,496,4,14,41.404839,2.17482
843,2019-08-10 00:40:43.486965,495,6,18,41.3767081,2.1483947
844,2019-08-10 00:40:43.486965,494,0,23,41.3896703,2.1654279
845,2019-08-10 00:40:43.486965,492,2,22,41.3944248,2.1751026
846,2019-08-10 00:40:43.486965,428,3,23,41.398389,2.196261
847,2019-08-10 00:40:43.486965,427,19,0,41.375336,2.168007
848,2019-08-10 00:40:43.486965,426,20,10,41.398305,2.183023
849,2019-08-10 00:40:43.486965,425,22,4,41.37652,2.1749
850,2019-08-10 00:40:43.486965,424,19,8,41.379632,2.192662
851,2019-08-10 00:40:43.486965,423,21,11,41.420201,2.189532
852,2019-08-10 00:40:43.486965,421,6,25,41.378031,2.139124
853,2019-08-10 00:40:43.486965,420,8,19,41.374213,2.148082
854,2019-08-10 00:40:43.486965,419,30,2,41.391299,2.180828
855,2019-08-10 00:40:43.486965,418,15,9,41.390943,2.180251
856,2019-08-10 00:40:43.486965,416,27,0,41.378134,2.16965
857,2019-08-10 00:40:43.486965,415,25,0,41.379374,2.168921
858,2019-08-10 00:40:43.486965,414,10,23,41.393744,2.176451
859,2019-08-10 00:40:43.486965,413,9,22,41.393512,2.170718
860,2019-08-10 00:40:43.486965,412,12,15,41.389012,2.172667
861,2019-08-10 00:40:43.486965,410,31,2,41.376433,2.17871
862,2019-08-10 00:40:43.486965,409,2,25,41.392272,2.192556
863,2019-08-10 00:40:43.486965,408,6,32,41.388988,2.192283
864,2019-08-10 00:40:43.486965,406,3,30,41.386512,2.164597
865,2019-08-10 00:40:43.486965,405,0,26,41.38551,2.152
866,2019-08-10 00:40:43.486965,404,19,13,41.365374,2.133087
867,2019-08-10 00:40:43.486965,402,23,3,41.380705,2.182415
868,2019-08-10 00:40:43.486965,401,22,0,41.381241,2.181838
869,2019-08-10 00:40:43.486965,400,0,28,41.36958,2.188017
870,2019-08-10 00:40:43.486965,398,14,10,41.381011,2.193502
871,2019-08-10 00:40:43.486965,397,0,26,41.388894,2.199334
872,2019-08-10 00:40:43.486965,396,19,12,41.389028,2.196844
873,2019-08-10 00:40:43.486965,395,14,19,41.386009,2.170212
874,2019-08-10 00:40:43.486965,394,22,3,41.387151,2.162838
875,2019-08-10 00:40:43.486965,393,0,32,41.402177,2.197653
876,2019-08-10 00:40:43.486965,392,7,12,41.390595,2.190681
877,2019-08-10 00:40:43.486965,391,16,8,41.422873,2.191204
878,2019-08-10 00:40:43.486965,390,22,1,41.386955,2.18195
879,2019-08-10 00:40:43.486965,389,9,18,41.38739,2.1875
880,2019-08-10 00:40:43.486965,388,26,0,41.380593,2.167418
881,2019-08-10 00:40:43.486965,387,18,6,41.395796,2.178784
882,2019-08-10 00:40:43.486965,386,24,0,41.375086,2.156848
883,2019-08-10 00:40:43.486965,385,15,14,41.387978,2.155266
884,2019-08-10 00:40:43.486965,384,6,20,41.380708,2.146793
885,2019-08-10 00:40:43.486965,382,12,15,41.403938,2.204188
886,2019-08-10 00:40:43.486965,381,17,14,41.381686,2.167816
887,2019-08-10 00:40:43.486965,380,23,0,41.385463,2.174252
888,2019-08-10 00:40:43.486965,378,15,2,41.378516,2.176716
889,2019-08-10 00:40:43.486965,377,20,7,41.37747,2.183737
890,2019-08-10 00:40:43.486965,376,1,25,41.371663,2.180302
891,2019-08-10 00:40:43.486965,375,0,27,41.372154,2.180701
892,2019-08-10 00:40:43.486965,374,1,30,41.395,2.16123
893,2019-08-10 00:40:43.486965,373,29,1,41.375073,2.161305
894,2019-08-10 00:40:43.486965,372,17,9,41.400167,2.184362
895,2019-08-10 00:40:43.486965,371,28,3,41.404027,2.181264
896,2019-08-10 00:40:43.486965,370,9,18,41.40377,2.172864
897,2019-08-10 00:40:43.486965,369,14,9,41.400168,2.177948
898,2019-08-10 00:40:43.486965,368,7,17,41.396815,2.175714
899,2019-08-10 00:40:43.486965,367,0,29,41.385057,2.137331
900,2019-08-10 00:40:43.486965,365,13,18,41.387499,2.14702
901,2019-08-10 00:40:43.486965,364,2,31,41.39324,2.16343
902,2019-08-10 00:40:43.486965,363,11,13,41.39076,2.1744
903,2019-08-10 00:40:43.486965,362,0,29,41.397006,2.17057
904,2019-08-10 00:40:43.486965,361,30,1,41.376292,2.178553
905,2019-08-10 00:40:43.486965,360,5,22,41.395213,2.172984
906,2019-08-10 00:40:43.486965,359,19,3,41.390021,2.177572
907,2019-08-10 00:40:43.486965,358,25,0,41.387225,2.17927
908,2019-08-10 00:40:43.486965,357,8,18,41.410615,2.157987
909,2019-08-10 00:40:43.486965,356,16,9,41.413425,2.163411
910,2019-08-10 00:40:43.486965,354,26,1,41.37592,2.13008
911,2019-08-10 00:40:43.486965,353,11,20,41.375414,2.123191
912,2019-08-10 00:40:43.486965,352,10,18,41.36335,2.134144
913,2019-08-10 00:40:43.486965,351,16,16,41.362135,2.135637
914,2019-08-10 00:40:43.486965,350,1,28,41.391833,2.14812
915,2019-08-10 00:40:43.486965,349,13,19,41.357338,2.137172
916,2019-08-10 00:40:43.486965,348,24,9,41.357067,2.141563
917,2019-08-10 00:40:43.486965,347,24,2,41.359496,2.14182
918,2019-08-10 00:40:43.486965,346,14,22,41.360654,2.139132
919,2019-08-10 00:40:43.486965,345,20,12,41.363093,2.139771
920,2019-08-10 00:40:43.486965,344,7,20,41.443127,2.199538
921,2019-08-10 00:40:43.486965,343,9,18,41.438886,2.199598
922,2019-08-10 00:40:43.486965,342,5,22,41.403502,2.193702
923,2019-08-10 00:40:43.486965,341,14,11,41.433958,2.206166
924,2019-08-10 00:40:43.486965,340,21,0,41.43619,2.204573
925,2019-08-10 00:40:43.486965,339,23,3,41.401662,2.205277
926,2019-08-10 00:40:43.486965,338,0,36,41.397572,2.119506
927,2019-08-10 00:40:43.486965,337,4,19,41.398719,2.120422
928,2019-08-10 00:40:43.486965,336,1,26,41.395274,2.120973
929,2019-08-10 00:40:43.486965,335,0,27,41.393639,2.123224
930,2019-08-10 00:40:43.486965,334,0,26,41.400722,2.123268
931,2019-08-10 00:40:43.486965,333,3,24,41.395632,2.125106
932,2019-08-10 00:40:43.486965,332,4,23,41.399822,2.12809
933,2019-08-10 00:40:43.486965,331,2,27,41.39706,2.12801
934,2019-08-10 00:40:43.486965,329,0,26,41.402879,2.128541
935,2019-08-10 00:40:43.486965,328,0,27,41.40293,2.13427
936,2019-08-10 00:40:43.486965,327,0,23,41.405,2.13453
937,2019-08-10 00:40:43.486965,326,5,26,41.407384,2.1383
938,2019-08-10 00:40:43.486965,325,6,17,41.39493,2.130325
939,2019-08-10 00:40:43.486965,324,0,27,41.396938,2.136258
940,2019-08-10 00:40:43.486965,323,0,26,41.397996,2.138717
941,2019-08-10 00:40:43.486965,322,0,22,41.400977,2.13907
942,2019-08-10 00:40:43.486965,321,0,27,41.403054,2.144549
943,2019-08-10 00:40:43.486965,320,0,25,41.401116,2.147953
944,2019-08-10 00:40:43.486965,319,7,22,41.393713,2.145584
945,2019-08-10 00:40:43.486965,318,8,18,41.413406,2.171331
946,2019-08-10 00:40:43.486965,317,22,2,41.425566,2.200693
947,2019-08-10 00:40:43.486965,316,23,1,41.4222743,2.1984029
948,2019-08-10 00:40:43.486965,315,13,12,41.415617,2.181966
949,2019-08-10 00:40:43.486965,314,2,22,41.37836,2.129737
950,2019-08-10 00:40:43.486965,313,25,2,41.375366,2.129847
951,2019-08-10 00:40:43.486965,312,12,23,41.379046,2.123253
952,2019-08-10 00:40:43.486965,311,5,19,41.378638,2.120393
953,2019-08-10 00:40:43.486965,310,0,27,41.381223,2.119077
954,2019-08-10 00:40:43.486965,309,1,20,41.37674,2.116973
955,2019-08-10 00:40:43.486965,308,4,22,41.376788,2.113864
956,2019-08-10 00:40:43.486965,307,3,28,41.379135,2.113505
957,2019-08-10 00:40:43.486965,306,11,20,41.385465,2.122912
958,2019-08-10 00:40:43.486965,305,6,21,41.387498,2.123637
959,2019-08-10 00:40:43.486965,304,1,26,41.390208,2.121029
960,2019-08-10 00:40:43.486965,303,0,27,41.393341,2.115076
961,2019-08-10 00:40:43.486965,302,0,32,41.39065,2.111615
962,2019-08-10 00:40:43.486965,301,0,26,41.437053,2.169644
963,2019-08-10 00:40:43.486965,300,7,11,41.431593,2.176909
964,2019-08-10 00:40:43.486965,299,5,22,41.433965,2.175199
965,2019-08-10 00:40:43.486965,298,1,32,41.43463,2.181747
966,2019-08-10 00:40:43.486965,297,1,23,41.438864,2.176822
967,2019-08-10 00:40:43.486965,296,0,30,41.436505,2.183877
968,2019-08-10 00:40:43.486965,295,5,22,41.43345,2.1715
969,2019-08-10 00:40:43.486965,294,0,24,41.436373,2.170678
970,2019-08-10 00:40:43.486965,293,3,21,41.428388,2.163101
971,2019-08-10 00:40:43.486965,292,3,11,41.430036,2.171974
972,2019-08-10 00:40:43.486965,291,1,26,41.425897,2.17505
973,2019-08-10 00:40:43.486965,290,0,16,41.437094,2.174047
974,2019-08-10 00:40:43.486965,289,23,1,41.416828,2.191022
975,2019-08-10 00:40:43.486965,288,12,20,41.429636,2.174487
976,2019-08-10 00:40:43.486965,287,0,15,41.389171,2.168113
977,2019-08-10 00:40:43.486965,286,0,14,41.403103,2.191428
978,2019-08-10 00:40:43.486965,285,1,20,41.436708,2.186059
979,2019-08-10 00:40:43.486965,284,0,27,41.389503,2.131454
980,2019-08-10 00:40:43.486965,283,4,15,41.42968,2.16157
981,2019-08-10 00:40:43.486965,282,2,25,41.427561,2.166022
982,2019-08-10 00:40:43.486965,281,3,20,41.418088,2.176313
983,2019-08-10 00:40:43.486965,280,3,23,41.413986,2.177842
984,2019-08-10 00:40:43.486965,279,15,12,41.415951,2.174564
985,2019-08-10 00:40:43.486965,278,4,22,41.409815,2.171621
986,2019-08-10 00:40:43.486965,277,11,15,41.408284,2.16905
987,2019-08-10 00:40:43.486965,276,4,22,41.412163,2.165275
988,2019-08-10 00:40:43.486965,275,3,28,41.430693,2.182225
989,2019-08-10 00:40:43.486965,274,10,22,41.430092,2.184898
990,2019-08-10 00:40:43.486965,273,2,34,41.430404,2.183382
991,2019-08-10 00:40:43.486965,272,5,19,41.432559,2.184264
992,2019-08-10 00:40:43.486965,271,6,15,41.450634,2.192335
993,2019-08-10 00:40:43.486965,270,10,17,41.448628,2.18976
994,2019-08-10 00:40:43.486965,269,11,10,41.448128,2.192826
995,2019-08-10 00:40:43.486965,268,11,16,41.445705,2.192892
996,2019-08-10 00:40:43.486965,267,11,12,41.443395,2.190623
997,2019-08-10 00:40:43.486965,266,10,14,41.426841,2.184238
998,2019-08-10 00:40:43.486965,265,18,8,41.385467,2.158532
999,2019-08-10 00:40:43.486965,264,11,22,41.439949,2.197033
1000,2019-08-10 00:40:43.486965,263,18,0,41.437814,2.191039
1001,2019-08-10 00:40:43.486965,262,2,29,41.379821,2.152496
1002,2019-08-10 00:40:43.486965,261,23,9,41.382206,2.160644
1003,2019-08-10 00:40:43.486965,260,19,7,41.4356947,2.1920248
1004,2019-08-10 00:40:43.486965,259,9,11,41.439109,2.185818
1005,2019-08-10 00:40:43.486965,258,15,8,41.442167,2.193032
1006,2019-08-10 00:40:43.486965,257,2,22,41.433897,2.189614
1007,2019-08-10 00:40:43.486965,256,26,4,41.43608,2.189542
1008,2019-08-10 00:40:43.486965,255,5,12,41.431183,2.185852
1009,2019-08-10 00:40:43.486965,254,7,19,41.429985,2.190163
1010,2019-08-10 00:40:43.486965,253,16,10,41.429977,2.191821
1011,2019-08-10 00:40:43.486965,252,24,7,41.429953,2.193185
1012,2019-08-10 00:40:43.486965,251,21,10,41.425405,2.185226
1013,2019-08-10 00:40:43.486965,250,4,20,41.425905,2.19115
1014,2019-08-10 00:40:43.486965,249,12,13,41.425216,2.188997
1015,2019-08-10 00:40:43.486965,248,26,1,41.418208,2.190374
1016,2019-08-10 00:40:43.486965,247,5,26,41.421992,2.184806
1017,2019-08-10 00:40:43.486965,246,4,10,41.422844,2.186637
1018,2019-08-10 00:40:43.486965,244,7,16,41.426896,2.178511
1019,2019-08-10 00:40:43.486965,243,8,19,41.423939,2.181298
1020,2019-08-10 00:40:43.486965,242,6,19,41.424451,2.177284
1021,2019-08-10 00:40:43.486965,241,13,20,41.419337,2.180482
1022,2019-08-10 00:40:43.486965,240,26,1,41.417763,2.187558
1023,2019-08-10 00:40:43.486965,239,24,3,41.417323,2.184534
1024,2019-08-10 00:40:43.486965,238,15,10,41.415684,2.190986
1025,2019-08-10 00:40:43.486965,237,15,11,41.372891,2.154471
1026,2019-08-10 00:40:43.486965,236,23,0,41.375127,2.152769
1027,2019-08-10 00:40:43.486965,235,27,0,41.375065,2.165839
1028,2019-08-10 00:40:43.486965,234,22,5,41.371515,2.162166
1029,2019-08-10 00:40:43.486965,233,21,4,41.371965,2.166871
1030,2019-08-10 00:40:43.486965,232,23,3,41.373509,2.171002
1031,2019-08-10 00:40:43.486965,231,17,7,41.407202,2.163476
1032,2019-08-10 00:40:43.486965,230,1,23,41.405986,2.151633
1033,2019-08-10 00:40:43.486965,229,0,27,41.405107,2.156874
1034,2019-08-10 00:40:43.486965,228,7,13,41.40694,2.155794
1035,2019-08-10 00:40:43.486965,227,7,8,41.407837,2.158678
1036,2019-08-10 00:40:43.486965,226,4,22,41.403465,2.161096
1037,2019-08-10 00:40:43.486965,225,6,16,41.384956,2.150814
1038,2019-08-10 00:40:43.486965,224,0,18,41.399945,2.164389
1039,2019-08-10 00:40:43.486965,223,6,30,41.398311,2.159865
1040,2019-08-10 00:40:43.486965,222,0,27,41.40124,2.157483
1041,2019-08-10 00:40:43.486965,221,1,21,41.402535,2.152519
1042,2019-08-10 00:40:43.486965,220,2,25,41.396229,2.151482
1043,2019-08-10 00:40:43.486965,219,3,21,41.397698,2.147358
1044,2019-08-10 00:40:43.486965,218,25,1,41.404114,2.183203
1045,2019-08-10 00:40:43.486965,217,1,25,41.398463,2.143924
1046,2019-08-10 00:40:43.486965,216,2,24,41.396809,2.144534
1047,2019-08-10 00:40:43.486965,215,0,20,41.39412,2.138146
1048,2019-08-10 00:40:43.486965,214,0,25,41.395251,2.133541
1049,2019-08-10 00:40:43.486965,213,0,33,41.393783,2.135078
1050,2019-08-10 00:40:43.486965,212,1,22,41.39239,2.130945
1051,2019-08-10 00:40:43.486965,211,12,16,41.398772,2.190167
1052,2019-08-10 00:40:43.486965,210,19,8,41.37453,2.142356
1053,2019-08-10 00:40:43.486965,209,23,2,41.385755,2.161004
1054,2019-08-10 00:40:43.486965,208,1,32,41.391451,2.139116
1055,2019-08-10 00:40:43.486965,207,0,24,41.390828,2.136665
1056,2019-08-10 00:40:43.486965,206,1,32,41.389845,2.13284
1057,2019-08-10 00:40:43.486965,205,0,32,41.387465,2.130838
1058,2019-08-10 00:40:43.486965,204,0,33,41.388011,2.125593
1059,2019-08-10 00:40:43.486965,203,28,4,41.388742,2.128503
1060,2019-08-10 00:40:43.486965,202,1,26,41.385331,2.128737
1061,2019-08-10 00:40:43.486965,201,0,23,41.387787,2.134341
1062,2019-08-10 00:40:43.486965,200,3,20,41.383756,2.131273
1063,2019-08-10 00:40:43.486965,199,7,20,41.38182,2.126933
1064,2019-08-10 00:40:43.486965,198,0,27,41.38451,2.133617
1065,2019-08-10 00:40:43.486965,197,3,22,41.38712,2.141039
1066,2019-08-10 00:40:43.486965,196,3,24,41.383241,2.139363
1067,2019-08-10 00:40:43.486965,195,1,26,41.381888,2.135433
1068,2019-08-10 00:40:43.486965,194,0,24,41.381013,2.132319
1069,2019-08-10 00:40:43.486965,193,4,22,41.381311,2.128912
1070,2019-08-10 00:40:43.486965,192,7,12,41.378629,2.133467
1071,2019-08-10 00:40:43.486965,191,9,15,41.382564,2.149094
1072,2019-08-10 00:40:43.486965,190,0,29,41.39606,2.207803
1073,2019-08-10 00:40:43.486965,189,13,15,41.396918,2.166163
1074,2019-08-10 00:40:43.486965,188,20,7,41.375802,2.135973
1075,2019-08-10 00:40:43.486965,187,18,0,41.376858,2.169811
1076,2019-08-10 00:40:43.486965,186,8,17,41.375571,2.143812
1077,2019-08-10 00:40:43.486965,185,14,2,41.37046,2.138994
1078,2019-08-10 00:40:43.486965,184,25,1,41.367504,2.134088
1079,2019-08-10 00:40:43.486965,183,11,17,41.372338,2.141875
1080,2019-08-10 00:40:43.486965,182,25,1,41.371455,2.143882
1081,2019-08-10 00:40:43.486965,180,31,19,41.36778,2.13926
1082,2019-08-10 00:40:43.486965,179,13,2,41.363511,2.13677
1083,2019-08-10 00:40:43.486965,178,6,21,41.405389,2.216212
1084,2019-08-10 00:40:43.486965,177,21,1,41.411089,2.181119
1085,2019-08-10 00:40:43.486965,176,11,13,41.402541,2.212641
1086,2019-08-10 00:40:43.486965,175,7,19,41.40666,2.20956
1087,2019-08-10 00:40:43.486965,174,8,19,41.40061,2.210461
1088,2019-08-10 00:40:43.486965,173,2,23,41.398027,2.208982
1089,2019-08-10 00:40:43.486965,171,0,51,41.391986,2.203699
1090,2019-08-10 00:40:43.486965,170,0,53,41.389732,2.199934
1091,2019-08-10 00:40:43.486965,168,2,24,41.405358,2.213677
1092,2019-08-10 00:40:43.486965,167,3,17,41.402561,2.210538
1093,2019-08-10 00:40:43.486965,166,15,12,41.400533,2.206539
1094,2019-08-10 00:40:43.486965,165,6,20,41.399196,2.204253
1095,2019-08-10 00:40:43.486965,164,19,6,41.411901,2.177895
1096,2019-08-10 00:40:43.486965,163,1,21,41.3942,2.20077
1097,2019-08-10 00:40:43.486965,162,16,10,41.403908,2.208436
1098,2019-08-10 00:40:43.486965,161,11,16,41.395009,2.196308
1099,2019-08-10 00:40:43.486965,160,20,13,41.411026,2.219377
1100,2019-08-10 00:40:43.486965,159,8,22,41.410882,2.216703
1101,2019-08-10 00:40:43.486965,158,13,13,41.411741,2.218546
1102,2019-08-10 00:40:43.486965,157,21,3,41.412942,2.217994
1103,2019-08-10 00:40:43.486965,156,4,22,41.409017,2.20881
1104,2019-08-10 00:40:43.486965,155,6,23,41.406977,2.207602
1105,2019-08-10 00:40:43.486965,154,12,19,41.402454,2.201656
1106,2019-08-10 00:40:43.486965,153,2,18,41.401778,2.200769
1107,2019-08-10 00:40:43.486965,152,2,24,41.39925,2.197421
1108,2019-08-10 00:40:43.486965,151,5,22,41.40065,2.19719
1109,2019-08-10 00:40:43.486965,150,10,15,41.406549,2.203112
1110,2019-08-10 00:40:43.486965,149,6,21,41.395905,2.192958
1111,2019-08-10 00:40:43.486965,148,26,0,41.378486,2.163404
1112,2019-08-10 00:40:43.486965,147,24,1,41.416018,2.212658
1113,2019-08-10 00:40:43.486965,146,0,15,41.415191,2.207111
1114,2019-08-10 00:40:43.486965,145,10,17,41.4099066,2.2028356
1115,2019-08-10 00:40:43.486965,144,2,23,41.4057871,2.1975542
1116,2019-08-10 00:40:43.486965,143,2,23,41.4030725,2.1959541
1117,2019-08-10 00:40:43.486965,142,4,28,41.4005692,2.1923425
1118,2019-08-10 00:40:43.486965,141,27,2,41.4090158,2.1946377
1119,2019-08-10 00:40:43.486965,140,22,5,41.3806648,2.15625
1120,2019-08-10 00:40:43.486965,139,24,7,41.4179241,2.2061937
1121,2019-08-10 00:40:43.486965,138,19,1,41.416832,2.2053065
1122,2019-08-10 00:40:43.486965,137,13,9,41.4144656,2.2014244
1123,2019-08-10 00:40:43.486965,136,24,2,41.4141813,2.2015894
1124,2019-08-10 00:40:43.486965,135,21,0,41.4121316,2.1977579
1125,2019-08-10 00:40:43.486965,134,14,4,41.4115934,2.1987619
1126,2019-08-10 00:40:43.486965,133,4,9,41.4076602,2.1924881
1127,2019-08-10 00:40:43.486965,132,20,5,41.4084554,2.1919802
1128,2019-08-10 00:40:43.486965,131,26,0,41.422785,2.20594
1129,2019-08-10 00:40:43.486965,130,23,1,41.4198281,2.201574
1130,2019-08-10 00:40:43.486965,129,27,0,41.3770515,2.1611378
1131,2019-08-10 00:40:43.486965,128,16,9,41.4154133,2.1964181
1132,2019-08-10 00:40:43.486965,127,26,0,41.4118718,2.1911494
1133,2019-08-10 00:40:43.486965,126,20,0,41.3806785,2.1817748
1134,2019-08-10 00:40:43.486965,125,3,15,41.3844693,2.1955147
1135,2019-08-10 00:40:43.486965,124,1,26,41.3702482637018,2.1878125984221697
1136,2019-08-10 00:40:43.486965,123,3,16,41.398114,2.166828
1137,2019-08-10 00:40:43.486965,122,17,3,41.4053379,2.1660973
1138,2019-08-10 00:40:43.486965,121,10,10,41.4061885,2.1785208
1139,2019-08-10 00:40:43.486965,120,16,5,41.4045867,2.1765086
1140,2019-08-10 00:40:43.486965,119,24,2,41.3966226,2.1823944
1141,2019-08-10 00:40:43.486965,118,8,17,41.3919909,2.1879553
1142,2019-08-10 00:40:43.486965,117,16,5,41.3907885,2.1969509
1143,2019-08-10 00:40:43.486965,116,14,13,41.3839396,2.1916731
1144,2019-08-10 00:40:43.486965,115,14,6,41.3837312,2.1841477
1145,2019-08-10 00:40:43.486965,114,17,3,41.3768334,2.1737389
1146,2019-08-10 00:40:43.486965,113,24,0,41.3774096,2.1648261
1147,2019-08-10 00:40:43.486965,112,18,1,41.3776061,2.1572895
1148,2019-08-10 00:40:43.486965,111,9,16,41.3813141,2.1527471
1149,2019-08-10 00:40:43.486965,110,8,12,41.3857053,2.1547191
1150,2019-08-10 00:40:43.486965,109,0,24,41.390936,2.1474257
1151,2019-08-10 00:40:43.486965,108,0,16,41.4024328,2.1648503
1152,2019-08-10 00:40:43.486965,107,6,12,41.3985611,2.1530513
1153,2019-08-10 00:40:43.486965,106,0,20,41.405587,2.162317
1154,2019-08-10 00:40:43.486965,105,8,12,41.389197,2.173555
1155,2019-08-10 00:40:43.486965,104,14,11,41.4108567,2.1872941
1156,2019-08-10 00:40:43.486965,103,15,4,41.4098264,2.1883486
1157,2019-08-10 00:40:43.486965,102,0,23,41.3922519,2.1420435
1158,2019-08-10 00:40:43.486965,101,0,24,41.3927878,2.1434059
1159,2019-08-10 00:40:43.486965,100,0,22,41.3791661,2.1440132
1160,2019-08-10 00:40:43.486965,99,0,21,41.380632,2.141548
1161,2019-08-10 00:40:43.486965,98,1,20,41.3803803,2.1409726
1162,2019-08-10 00:40:43.486965,97,2,19,41.3782369,2.145503
1163,2019-08-10 00:40:43.486965,96,5,16,41.3742316,2.1483861
1164,2019-08-10 00:40:43.486965,95,13,19,41.3766488,2.1476883
1165,2019-08-10 00:40:43.486965,94,10,12,41.3755704,2.1500681
1166,2019-08-10 00:40:43.486965,93,1,22,41.3755595,2.1499725
1167,2019-08-10 00:40:43.486965,92,0,18,41.3937852,2.1602704
1168,2019-08-10 00:40:43.486965,90,0,18,41.3884249,2.1507832
1169,2019-08-10 00:40:43.486965,89,0,27,41.388154,2.1503428
1170,2019-08-10 00:40:43.486965,88,0,20,41.3935986,2.1506554
1171,2019-08-10 00:40:43.486965,87,17,4,41.3832053,2.1486715
1172,2019-08-10 00:40:43.486965,86,26,1,41.3752683,2.1630981
1173,2019-08-10 00:40:43.486965,85,21,2,41.3750672,2.159005
1174,2019-08-10 00:40:43.486965,84,17,10,41.3831216,2.1572314
1175,2019-08-10 00:40:43.486965,83,9,14,41.3840885,2.1537733
1176,2019-08-10 00:40:43.486965,82,26,7,41.3787972,2.1533895
1177,2019-08-10 00:40:43.486965,81,10,11,41.3790058,2.1490856
1178,2019-08-10 00:40:43.486965,80,8,12,41.390008,2.1599551
1179,2019-08-10 00:40:43.486965,79,10,14,41.3854435,2.1634297
1180,2019-08-10 00:40:43.486965,78,7,20,41.3856691,2.1634139
1181,2019-08-10 00:40:43.486965,76,10,22,41.391751,2.153123
1182,2019-08-10 00:40:43.486965,75,6,15,41.385081,2.142868
1183,2019-08-10 00:40:43.486965,74,1,14,41.390062,2.143272
1184,2019-08-10 00:40:43.486965,73,7,19,41.392278,2.156183
1185,2019-08-10 00:40:43.486965,72,3,23,41.392716,2.158811
1186,2019-08-10 00:40:43.486965,71,21,0,41.381931,2.162969
1187,2019-08-10 00:40:43.486965,70,27,0,41.380347,2.160695
1188,2019-08-10 00:40:43.486965,69,8,11,41.38797,2.195801
1189,2019-08-10 00:40:43.486965,68,1,23,41.395364,2.157356
1190,2019-08-10 00:40:43.486965,67,21,2,41.385012,2.145843
1191,2019-08-10 00:40:43.486965,66,2,12,41.389097,2.167933
1192,2019-08-10 00:40:43.486965,65,0,21,41.387678,2.169587
1193,2019-08-10 00:40:43.486965,64,2,18,41.387469,2.169048
1194,2019-08-10 00:40:43.486965,63,19,8,41.38645,2.169463
1195,2019-08-10 00:40:43.486965,62,12,13,41.387142,2.168858
1196,2019-08-10 00:40:43.486965,61,2,23,41.390143,2.164946
1197,2019-08-10 00:40:43.486965,60,13,13,41.390349,2.16424
1198,2019-08-10 00:40:43.486965,59,18,3,41.382781,2.167203
1199,2019-08-10 00:40:43.486965,58,18,1,41.382822,2.167154
1200,2019-08-10 00:40:43.486965,57,25,0,41.376758,2.177093
1201,2019-08-10 00:40:43.486965,56,25,0,41.377011,2.175834
1202,2019-08-10 00:40:43.486965,55,16,1,41.381154,2.173497
1203,2019-08-10 00:40:43.486965,54,19,0,41.377635,2.170586
1204,2019-08-10 00:40:43.486965,53,14,7,41.385227,2.173878
1205,2019-08-10 00:40:43.486965,51,11,8,41.384054,2.169019
1206,2019-08-10 00:40:43.486965,50,17,0,41.375,2.17035
1207,2019-08-10 00:40:43.486965,49,11,9,41.39106,2.196457
1208,2019-08-10 00:40:43.486965,48,6,13,41.396085,2.187073
1209,2019-08-10 00:40:43.486965,47,2,45,41.389831,2.191147
1210,2019-08-10 00:40:43.486965,46,15,35,41.388359,2.193004
1211,2019-08-10 00:40:43.486965,45,24,0,41.391429,2.189312
1212,2019-08-10 00:40:43.486965,44,2,18,41.402285,2.187111
1213,2019-08-10 00:40:43.486965,42,0,22,41.404511,2.189881
1214,2019-08-10 00:40:43.486965,41,20,0,41.379326,2.189906
1215,2019-08-10 00:40:43.486965,40,17,0,41.382335,2.187093
1216,2019-08-10 00:40:43.486965,39,29,15,41.381046,2.186576
1217,2019-08-10 00:40:43.486965,37,24,0,41.381226,2.181888
1218,2019-08-10 00:40:43.486965,36,15,1,41.385151,2.176804
1219,2019-08-10 00:40:43.486965,35,16,11,41.413592,2.221153
1220,2019-08-10 00:40:43.486965,34,15,4,41.387074,2.175247
1221,2019-08-10 00:40:43.486965,33,6,14,41.376862,2.190773
1222,2019-08-10 00:40:43.486965,32,0,27,41.373698,2.188927
1223,2019-08-10 00:40:43.486965,31,1,13,41.37481,2.18895
1224,2019-08-10 00:40:43.486965,30,18,2,41.402046,2.182286
1225,2019-08-10 00:40:43.486965,29,1,19,41.401132,2.170028
1226,2019-08-10 00:40:43.486965,28,7,12,41.405422,2.17064
1227,2019-08-10 00:40:43.486965,27,0,19,41.396897,2.164373
1228,2019-08-10 00:40:43.486965,26,10,7,41.407035,2.181981
1229,2019-08-10 00:40:43.486965,25,3,17,41.395179,2.168294
1230,2019-08-10 00:40:43.486965,24,6,24,41.400659,2.179111
1231,2019-08-10 00:40:43.486965,23,13,14,41.392526,2.171812
1232,2019-08-10 00:40:43.486965,22,1,17,41.401684,2.17568
1233,2019-08-10 00:40:43.486965,21,10,10,41.410897,2.17402
1234,2019-08-10 00:40:43.486965,20,6,9,41.410166,2.175759
1235,2019-08-10 00:40:43.486965,19,0,29,41.403282,2.170726
1236,2019-08-10 00:40:43.486965,18,17,10,41.406086,2.174167
1237,2019-08-10 00:40:43.486965,17,16,26,41.398237,2.186711
1238,2019-08-10 00:40:43.486965,15,18,2,41.394812,2.171189
1239,2019-08-10 00:40:43.486965,14,25,0,41.384675,2.185039
1240,2019-08-10 00:40:43.486965,13,4,50,41.387985,2.19578
1241,2019-08-10 00:40:43.486965,12,5,21,41.384538,2.195679
1242,2019-08-10 00:40:43.486965,11,5,16,41.381689,2.193914
1243,2019-08-10 00:40:43.486965,9,25,1,41.384532,2.184921
1244,2019-08-10 00:40:43.486965,8,25,0,41.389088,2.183568
1245,2019-08-10 00:40:43.486965,7,26,1,41.388856,2.183251
1246,2019-08-10 00:40:43.486965,6,20,15,41.391349,2.18061
1247,2019-08-10 00:40:43.486965,5,30,9,41.391075,2.180223
1248,2019-08-10 00:40:43.486965,4,6,14,41.39348,2.181555
1249,2019-08-10 00:40:43.486965,3,13,14,41.394055,2.181299
1250,2019-08-10 00:40:43.486965,2,19,7,41.39553,2.17706
1251,2019-08-10 00:40:43.486965,1,28,2,41.397952,2.180042
1252,2019-08-10 00:40:43.486965,411,0,0,41.389499,2.165387
1253,2019-08-10 00:40:43.486965,379,0,18,41.381709,2.177308
1254,2019-08-10 00:40:43.486965,366,0,27,41.393037,2.14358
1255,2019-08-10 00:40:43.486965,355,0,26,41.37211,2.12859
1256,2019-08-10 00:40:43.486965,330,0,27,41.400587,2.130658
1257,2019-08-10 00:40:43.486965,181,0,27,41.36766,2.13911
1258,2019-08-10 00:40:43.486965,91,0,30,41.380452,2.158403
1259,2019-08-10 00:40:43.486965,77,0,0,41.39005,2.152905
1260,2019-08-10 00:40:43.486965,52,0,2,41.381766,2.17738
1261,2019-08-10 00:40:43.486965,43,0,1,41.40541,2.18712
1262,2019-08-10 00:40:43.486965,10,0,0,41.38498,2.18417
